Loan ID,Application Date,Customer ID,Customer Age,Region,Employment Status,Annual Income,Loan Amount,Interest Rate,Loan Term (Months),Credit Score,Loan Purpose,Application Status,Funded Amount,Amount Repaid,Repayment Status,Loan Quality,,Loan KPI,Value,,
L100123,2025-01-01 00:00:00,C200123,48,North,Employed,27283,6213,20.75,36,688,Vehicle,Rejected,0,0,Not Due,Bad Loan,,Total Applications,600,,
L100438,2025-01-01 00:00:00,C200438,26,South,Employed,20011,5273,10.81,60,755,Education,Rejected,0,0,Not Due,Bad Loan,,Approved applications,418,,
L100476,2025-01-01 00:00:00,C200476,65,South,Self-Employed,100302,38176,10.77,60,612,Medical,Approved,32472.04,30736.37,Partially Repaid,Good Loan,,Rejected Applications,121,,
L100019,2025-01-02 00:00:00,C200019,39,North,Employed,21471,27235,17.63,36,682,Education,Approved,26342.22,19770.52,Partially Repaid,Good Loan,,Pending Applications,61,,
L100065,2025-01-02 00:00:00,C200065,43,North,Self-Employed,35073,4224,20.19,12,847,Education,Rejected,0,0,Not Due,Bad Loan,,Total Funded Amount," $15,544,707.35 ",,
L100194,2025-01-02 00:00:00,C200194,44,North,Self-Employed,115756,51067,18.9,12,531,Vehicle,Pending,0,0,Not Due,Bad Loan,,Total Amount Repaid ," $11,658,988.67 ",,
L100248,2025-01-02 00:00:00,C200248,55,Central,Employed,20659,79227,11.65,24,548,Education,Rejected,0,0,Not Due,Bad Loan,,,,,
L100482,2025-01-02 00:00:00,C200482,46,Central,Employed,99532,55312,23.7,12,614,Business,Approved,48270.21,48270.21,Fully Repaid,Good Loan,,,,,
L100168,2025-01-03 00:00:00,C200168,31,North,Employed,85843,71561,8.87,12,627,Education,Approved,61578.98,35068.87,Defaulted,Bad Loan,,Loan Quality,Number of Loans,Percentage,
L100220,2025-01-03 00:00:00,C200220,41,Central,Employed,105969,25989,13.56,48,617,Vehicle,Approved,24945.1,19279.38,Partially Repaid,Good Loan,,Good loan,210,35.00%,
L100069,2025-01-04 00:00:00,C200069,52,North,Employed,133359,64368,21.34,24,836,Home Improvement,Approved,57624.68,57624.68,Fully Repaid,Good Loan,,Bad loan,390,65.00%,
L100315,2025-01-04 00:00:00,C200315,50,Central,Employed,89853,42695,14.77,24,637,Education,Approved,42356.55,27282.48,Defaulted,Bad Loan,,,,,
L100478,2025-01-04 00:00:00,C200478,47,East,Unemployed,149430,27675,5.06,48,779,Vehicle,Approved,26854.19,21688.47,Partially Repaid,Good Loan,,,,,
L100104,2025-01-05 00:00:00,C200104,25,North,Unemployed,129672,53168,5.15,12,727,Business,Approved,47135.68,21419.15,Defaulted,Bad Loan,,Month ,Applications ,Funded Amount,Amount Repaid
L100124,2025-01-05 00:00:00,C200124,37,East,Employed,96707,12293,11.63,36,849,Home Improvement,Approved,11616.6,9855.61,Partially Repaid,Good Loan,,January ,96,"$2,662,549.22","$2,001,885.69"
L100404,2025-01-05 00:00:00,C200404,50,West,Employed,117932,79116,20.84,60,611,Medical,Approved,73342.72,36910.75,Defaulted,Bad Loan,,Febuary,95,"$2,163,028.54","$1,631,959.27"
L100323,2025-01-06 00:00:00,C200323,56,North,Employed,96002,5696,23.38,24,768,Vehicle,Approved,5546.94,3894.78,Partially Repaid,Good Loan,,March,85,"$2,250,074.69","$1,635,400.25"
L100406,2025-01-06 00:00:00,C200406,41,Central,Self-Employed,112475,40402,6.49,48,544,Medical,Approved,37588.14,24145.57,Defaulted,Bad Loan,,April,108,"$2,882,657.67","$2,177,386.17"
L100242,2025-01-07 00:00:00,C200242,63,North,Employed,104661,46254,6.97,36,849,Debt Consolidation,Approved,44872.06,31617.9,Partially Repaid,Good Loan,,May,119,"$2,911,869.80","$2,141,137.50"
L100592,2025-01-07 00:00:00,C200592,48,East,Employed,89312,56330,9.09,60,795,Education,Approved,55204.71,30121.73,Defaulted,Bad Loan,,June,97,"$2,674,527.43","$2,071,219.79"
L100057,2025-01-08 00:00:00,C200057,38,South,Employed,67733,21008,12.55,48,530,Home Improvement,Approved,18651.92,17099.07,Partially Repaid,Bad Loan,,,,,
L100304,2025-01-08 00:00:00,C200304,65,East,Self-Employed,62900,65227,9.13,24,587,Vehicle,Rejected,0,0,Not Due,Bad Loan,,Region,Applications,Funded Amount,Amount Repaid
L100375,2025-01-08 00:00:00,C200375,57,Central,Self-Employed,62363,33555,21.41,60,596,Home Improvement,Approved,32816.55,22768.77,Partially Repaid,Bad Loan,,North ,0,$0.00,$0.00
L100400,2025-01-08 00:00:00,C200400,31,South,Employed,123848,34252,17.14,36,667,Home Improvement,Approved,29657.76,29336.21,Partially Repaid,Good Loan,,South,127,"$3,520,424.81","$2,716,761.85"
L100513,2025-01-08 00:00:00,C200513,48,Central,Employed,121065,6986,20.54,24,716,Education,Approved,6814.23,4239.19,Defaulted,Bad Loan,,East,124,"$3,285,112.62","$2,559,664.85"
L100049,2025-01-09 00:00:00,C200049,36,Central,Employed,80424,29990,16.3,48,730,Debt Consolidation,Approved,26883.62,26312.35,Partially Repaid,Good Loan,,West,108,"$2,922,844.68","$2,220,220.38"
L100092,2025-01-09 00:00:00,C200092,48,South,Employed,115852,7355,5.22,12,798,Home Improvement,Rejected,0,0,Not Due,Bad Loan,,Central,122,"$2,899,737.68","$2,026,191.90"
L100254,2025-01-09 00:00:00,C200254,43,West,Employed,40010,56110,12.35,24,666,Home Improvement,Rejected,0,0,Not Due,Bad Loan,,,,,
L100559,2025-01-09 00:00:00,C200559,63,West,Employed,76653,18901,23.02,60,561,Vehicle,Approved,18753.17,17436.98,Partially Repaid,Bad Loan,,,,,
L100589,2025-01-09 00:00:00,C200589,21,Central,Employed,28207,14360,23.93,12,834,Business,Approved,14022.13,7626.88,Defaulted,Bad Loan,,Loan Purpose,Applications,Funded Amount,Amount Repaid 
L100468,2025-01-10 00:00:00,C200468,44,South,Employed,94449,68216,10.16,48,588,Home Improvement,Approved,60743.71,58570.14,Partially Repaid,Bad Loan,,Home Improvement,108,"$2,577,023.97","$1,880,909.63"
L100236,2025-01-11 00:00:00,C200236,65,West,Employed,71798,46605,12.21,60,784,Vehicle,Approved,42122.13,34689.48,Partially Repaid,Good Loan,,Education,118,"$2,784,079.02","$2,071,295.56"
L100109,2025-01-12 00:00:00,C200109,31,South,Employed,96258,49377,19.11,48,629,Debt Consolidation,Approved,44805.92,44805.92,Fully Repaid,Good Loan,,Medical,88,"$2,433,891.74","$1,838,185.24"
L100185,2025-01-12 00:00:00,C200185,37,North,Employed,51691,49832,19.75,60,605,Business,Approved,45904.24,45904.24,Fully Repaid,Good Loan,,Business,87,"$2,101,125.14","$1,569,930.45"
L100496,2025-01-12 00:00:00,C200496,32,North,Employed,53428,28400,19.54,12,556,Education,Rejected,0,0,Not Due,Bad Loan,,Debt Consolidation,95,"$2,671,580.34","$2,031,553.02"
L100506,2025-01-12 00:00:00,C200506,64,East,Self-Employed,109088,41194,20.19,24,622,Vehicle,Pending,0,0,Not Due,Bad Loan,,Vehicle,104,"$2,977,007.14","$2,267,114.77"
L100539,2025-01-12 00:00:00,C200539,45,South,Employed,20384,12808,18.86,24,735,Medical,Approved,12428.94,12116.33,Partially Repaid,Good Loan,,,,,
L100144,2025-01-13 00:00:00,C200144,21,Central,Employed,121850,63610,15.29,12,811,Education,Approved,56598.63,28462.62,Defaulted,Bad Loan,,Customer Aenalysis,Value,,
L100367,2025-01-13 00:00:00,C200367,30,North,Employed,40054,52574,14.39,60,751,Home Improvement,Approved,48645.69,22951.25,Defaulted,Bad Loan,,Average Customer Age ,42.60,,
L100416,2025-01-13 00:00:00,C200416,45,South,Employed,139251,24412,18.12,48,687,Education,Approved,22551.54,14839.62,Partially Repaid,Good Loan,,Average Annual Income,"$80,217.57",,
L100541,2025-01-13 00:00:00,C200541,31,South,Employed,129431,25620,11.42,48,534,Debt Consolidation,Approved,22919.19,21384.89,Partially Repaid,Bad Loan,,Average Credit Score ,677.79,,
L100048,2025-01-14 00:00:00,C200048,41,West,Employed,85155,24736,16.34,24,539,Vehicle,Approved,23826.31,23131.99,Partially Repaid,Bad Loan,,Average Loan Amount,"$40,137.93",,
L100074,2025-01-14 00:00:00,C200074,44,South,Employed,46228,17372,17.12,36,636,Education,Approved,15038.92,12344.87,Partially Repaid,Good Loan,,Average Intrest Rate,1505.06%,,
L100004,2025-01-15 00:00:00,C200004,57,South,Self-Employed,23469,25782,5.13,36,618,Medical,Approved,24783.02,18049.12,Partially Repaid,Good Loan,,,,,
L100032,2025-01-15 00:00:00,C200032,48,East,Employed,80812,14237,15.39,36,690,Vehicle,Approved,13622.43,13025.88,Partially Repaid,Good Loan,,Loan Status ,Number of Applications,,
L100077,2025-01-15 00:00:00,C200077,48,South,Employed,44928,56040,15.17,36,607,Vehicle,Approved,48822.47,32498.89,Partially Repaid,Good Loan,,Approved,418,,
L100087,2025-01-15 00:00:00,C200087,37,Central,Employed,109006,56575,13.92,24,824,Debt Consolidation,Approved,52648.21,39761.17,Partially Repaid,Good Loan,,Rejected,121,,
L100129,2025-01-15 00:00:00,C200129,23,South,Employed,18781,63997,13.78,12,680,Business,Rejected,0,0,Not Due,Bad Loan,,Pending,61,,
L100397,2025-01-15 00:00:00,C200397,42,Central,Employed,88194,59149,13.64,60,820,Home Improvement,Pending,0,0,Not Due,Bad Loan,,,,,
L100447,2025-01-16 00:00:00,C200447,59,East,Self-Employed,23744,70368,13.33,48,806,Debt Consolidation,Approved,65763.16,61286.48,Partially Repaid,Good Loan,,,,,
L100479,2025-01-16 00:00:00,C200479,51,West,Self-Employed,137619,20287,8.31,36,628,Business,Approved,19637.99,9893.45,Defaulted,Bad Loan,,,,,
L100318,2025-01-17 00:00:00,C200318,29,North,Employed,44649,57841,17.67,12,694,Home Improvement,Approved,53363.04,28971.05,Defaulted,Bad Loan,,,,,
L100354,2025-01-17 00:00:00,C200354,34,East,Employed,21828,61979,17.13,24,813,Vehicle,Approved,58708.9,45211.03,Partially Repaid,Good Loan,,,,,
L100546,2025-01-17 00:00:00,C200546,47,West,Self-Employed,139668,9846,14.92,48,619,Debt Consolidation,Approved,9525.14,6563.65,Partially Repaid,Good Loan,,,,,
L100044,2025-01-18 00:00:00,C200044,64,South,Employed,60821,52961,22.31,12,545,Medical,Approved,46866.88,25105.25,Defaulted,Bad Loan,,,,,
L100338,2025-01-18 00:00:00,C200338,31,South,Employed,58583,32099,5.26,12,794,Business,Approved,27972.97,23818.77,Partially Repaid,Good Loan,,,,,
L100425,2025-01-19 00:00:00,C200425,53,East,Employed,100279,67458,8.81,60,709,Medical,Approved,60426.51,56475.91,Partially Repaid,Good Loan,,,,,
L100553,2025-01-19 00:00:00,C200553,45,North,Employed,95949,57633,9.41,36,698,Medical,Rejected,0,0,Not Due,Bad Loan,,,,,
L100373,2025-01-20 00:00:00,C200373,40,Central,Employed,79035,62315,20.82,60,583,Business,Approved,53804.08,47631.72,Partially Repaid,Bad Loan,,,,,
L100007,2025-01-21 00:00:00,C200007,28,West,Self-Employed,117134,17592,12.1,24,712,Debt Consolidation,Approved,15883.33,7319.81,Defaulted,Bad Loan,,,,,
L100024,2025-01-21 00:00:00,C200024,46,West,Employed,71072,10244,6.6,36,795,Home Improvement,Approved,10014.82,6609.82,Partially Repaid,Good Loan,,,,,
L100041,2025-01-21 00:00:00,C200041,53,Central,Employed,20839,56238,11.76,48,817,Vehicle,Approved,55493.85,39360.11,Partially Repaid,Good Loan,,,,,
L100287,2025-01-21 00:00:00,C200287,23,North,Employed,107709,12211,19.22,36,537,Home Improvement,Approved,12189.05,5551.61,Defaulted,Bad Loan,,,,,
L100307,2025-01-21 00:00:00,C200307,53,North,Employed,103436,45463,12.89,60,842,Medical,Approved,42846.31,19499.24,Defaulted,Bad Loan,,,,,
L100527,2025-01-21 00:00:00,C200527,56,South,Employed,54593,13442,14.32,12,589,Debt Consolidation,Approved,13112.21,7196.49,Defaulted,Bad Loan,,,,,
L100027,2025-01-22 00:00:00,C200027,23,Central,Employed,101369,58378,20.53,12,779,Medical,Approved,52372.32,40831.93,Partially Repaid,Good Loan,,,,,
L100299,2025-01-22 00:00:00,C200299,61,South,Self-Employed,84314,71119,23.68,24,679,Debt Consolidation,Approved,64094.97,32154.5,Defaulted,Bad Loan,,,,,
L100449,2025-01-22 00:00:00,C200449,56,South,Self-Employed,116746,13156,23.72,60,549,Vehicle,Approved,12646.85,11312.99,Partially Repaid,Bad Loan,,,,,
L100431,2025-01-23 00:00:00,C200431,53,East,Unemployed,119665,4708,19.74,24,730,Business,Rejected,0,0,Not Due,Bad Loan,,,,,
L100467,2025-01-23 00:00:00,C200467,65,North,Employed,20352,15050,23.75,24,827,Education,Rejected,0,0,Not Due,Bad Loan,,,,,
L100542,2025-01-23 00:00:00,C200542,58,South,Self-Employed,98018,2887,23.78,48,736,Debt Consolidation,Pending,0,0,Not Due,Bad Loan,,,,,
L100082,2025-01-24 00:00:00,C200082,48,South,Self-Employed,60891,65115,19.92,48,573,Debt Consolidation,Approved,56977.4,41594.07,Partially Repaid,Bad Loan,,,,,
L100210,2025-01-24 00:00:00,C200210,60,South,Employed,36099,48473,5.29,36,654,Medical,Approved,42248.17,34612.12,Partially Repaid,Good Loan,,,,,
L100327,2025-01-24 00:00:00,C200327,22,West,Employed,29093,55521,20.23,60,828,Vehicle,Rejected,0,0,Not Due,Bad Loan,,,,,
L100345,2025-01-24 00:00:00,C200345,46,Central,Employed,23410,66503,10.87,12,772,Medical,Approved,61934.4,39080.44,Defaulted,Bad Loan,,,,,
L100480,2025-01-24 00:00:00,C200480,56,North,Employed,103376,2174,21.63,24,849,Vehicle,Approved,2014.12,1314.04,Partially Repaid,Good Loan,,,,,
L100339,2025-01-25 00:00:00,C200339,28,South,Employed,130082,31961,6.52,36,595,Home Improvement,Approved,27234.04,18959.85,Partially Repaid,Bad Loan,,,,,
L100570,2025-01-25 00:00:00,C200570,48,East,Employed,60727,43167,14.75,60,653,Home Improvement,Rejected,0,0,Not Due,Bad Loan,,,,,
L100362,2025-01-26 00:00:00,C200362,53,East,Unemployed,51623,72093,12.06,12,847,Debt Consolidation,Approved,68057.59,68057.59,Fully Repaid,Good Loan,,,,,
L100127,2025-01-27 00:00:00,C200127,25,Central,Unemployed,114334,59134,21.8,12,749,Home Improvement,Approved,56644.94,56493.39,Partially Repaid,Good Loan,,,,,
L100165,2025-01-27 00:00:00,C200165,41,West,Employed,147951,31336,17.9,12,797,Business,Approved,31271.03,20680.74,Partially Repaid,Good Loan,,,,,
L100305,2025-01-27 00:00:00,C200305,26,South,Self-Employed,34288,6967,13.82,36,821,Debt Consolidation,Pending,0,0,Not Due,Bad Loan,,,,,
L100306,2025-01-27 00:00:00,C200306,57,South,Employed,90692,22022,10.02,60,768,Education,Approved,21328.58,17092.57,Partially Repaid,Good Loan,,,,,
L100599,2025-01-27 00:00:00,C200599,59,North,Employed,86487,44137,18.22,36,676,Home Improvement,Approved,41533.24,23515.05,Defaulted,Bad Loan,,,,,
L100106,2025-01-28 00:00:00,C200106,21,Central,Self-Employed,139673,78396,13.42,60,612,Home Improvement,Pending,0,0,Not Due,Bad Loan,,,,,
L100148,2025-01-28 00:00:00,C200148,48,North,Employed,51243,22307,21.75,48,802,Debt Consolidation,Approved,20643.6,20643.6,Fully Repaid,Good Loan,,,,,
L100154,2025-01-28 00:00:00,C200154,23,East,Employed,98257,4745,10.91,60,770,Medical,Approved,4246.36,3654.1,Partially Repaid,Good Loan,,,,,
L100155,2025-01-28 00:00:00,C200155,32,East,Employed,55711,57243,8.17,60,706,Debt Consolidation,Pending,0,0,Not Due,Bad Loan,,,,,
L100310,2025-01-28 00:00:00,C200310,26,Central,Employed,27168,29413,16.97,48,613,Education,Approved,26363.98,17657.85,Partially Repaid,Good Loan,,,,,
L100560,2025-01-28 00:00:00,C200560,42,East,Employed,74622,64875,22.95,36,792,Education,Rejected,0,0,Not Due,Bad Loan,,,,,
L100142,2025-01-29 00:00:00,C200142,33,South,Employed,39253,26087,20,36,527,Vehicle,Pending,0,0,Not Due,Bad Loan,,,,,
L100456,2025-01-29 00:00:00,C200456,24,West,Self-Employed,26036,35872,9.17,24,523,Debt Consolidation,Approved,32208.89,21817.45,Partially Repaid,Bad Loan,,,,,
L100504,2025-01-29 00:00:00,C200504,63,Central,Employed,34859,12578,17.5,36,579,Business,Approved,11785.15,7335.57,Defaulted,Bad Loan,,,,,
L100159,2025-01-30 00:00:00,C200159,50,West,Unemployed,149354,73354,19.24,24,558,Vehicle,Approved,63323.54,62257.14,Partially Repaid,Bad Loan,,,,,
L100308,2025-01-30 00:00:00,C200308,42,East,Employed,64403,76671,21.88,48,525,Medical,Approved,65686.28,59551.42,Partially Repaid,Bad Loan,,,,,
L100545,2025-01-30 00:00:00,C200545,38,South,Employed,86026,79789,14.88,60,789,Medical,Approved,75513.98,47732.56,Defaulted,Bad Loan,,,,,
L100347,2025-02-01 00:00:00,C200347,39,South,Employed,114055,28536,14.72,36,696,Education,Approved,26391.38,25405.39,Partially Repaid,Good Loan,,,,,
L100383,2025-02-01 00:00:00,C200383,55,South,Employed,56211,64433,15.54,48,687,Medical,Rejected,0,0,Not Due,Bad Loan,,,,,
L100102,2025-02-02 00:00:00,C200102,50,South,Employed,101457,54389,13.48,60,805,Debt Consolidation,Approved,54271.53,43838.11,Partially Repaid,Good Loan,,,,,
L100111,2025-02-02 00:00:00,C200111,46,East,Self-Employed,111269,64491,21.58,60,625,Home Improvement,Rejected,0,0,Not Due,Bad Loan,,,,,
L100285,2025-02-02 00:00:00,C200285,24,East,Self-Employed,99768,78253,15.13,36,653,Vehicle,Approved,70399.31,69764.22,Partially Repaid,Good Loan,,,,,
L100295,2025-02-02 00:00:00,C200295,60,North,Employed,92813,79960,6.2,12,611,Debt Consolidation,Pending,0,0,Not Due,Bad Loan,,,,,
L100465,2025-02-02 00:00:00,C200465,51,East,Unemployed,128659,35276,19.76,24,662,Vehicle,Pending,0,0,Not Due,Bad Loan,,,,,
L100491,2025-02-02 00:00:00,C200491,26,West,Employed,92965,72482,17.62,24,618,Education,Rejected,0,0,Not Due,Bad Loan,,,,,
L100439,2025-02-03 00:00:00,C200439,23,Central,Unemployed,138234,49135,15.49,36,553,Medical,Pending,0,0,Not Due,Bad Loan,,,,,
L100471,2025-02-03 00:00:00,C200471,28,Central,Employed,68098,39125,18.43,24,795,Medical,Rejected,0,0,Not Due,Bad Loan,,,,,
L100059,2025-02-04 00:00:00,C200059,34,North,Employed,114044,34402,9.81,48,617,Vehicle,Approved,30612.72,21914.92,Partially Repaid,Good Loan,,,,,
L100119,2025-02-04 00:00:00,C200119,55,Central,Self-Employed,55823,62948,9.4,36,736,Education,Pending,0,0,Not Due,Bad Loan,,,,,
L100316,2025-02-04 00:00:00,C200316,51,South,Employed,82046,21702,18.99,12,585,Education,Approved,19769.86,11076.81,Defaulted,Bad Loan,,,,,
L100510,2025-02-04 00:00:00,C200510,57,South,Self-Employed,31893,60002,14.76,48,676,Business,Approved,57692.1,54929.69,Partially Repaid,Good Loan,,,,,
L100143,2025-02-05 00:00:00,C200143,24,South,Employed,106664,14828,10.64,24,772,Vehicle,Approved,13074.07,10315.07,Partially Repaid,Good Loan,,,,,
L100371,2025-02-05 00:00:00,C200371,60,East,Employed,101276,44351,14.58,60,670,Education,Approved,41336.79,27809.84,Partially Repaid,Good Loan,,,,,
L100534,2025-02-05 00:00:00,C200534,29,North,Employed,143438,21581,19.93,60,844,Medical,Approved,20265.09,13435.94,Partially Repaid,Good Loan,,,,,
L100115,2025-02-06 00:00:00,C200115,33,West,Self-Employed,66777,49591,19.94,12,765,Business,Approved,49116.24,35827.12,Partially Repaid,Good Loan,,,,,
L100252,2025-02-06 00:00:00,C200252,46,Central,Self-Employed,144498,74010,8.94,24,813,Education,Approved,73480.06,42843.85,Defaulted,Bad Loan,,,,,
L100326,2025-02-06 00:00:00,C200326,26,South,Employed,26770,21149,22.74,36,554,Education,Approved,20530.77,10205.97,Defaulted,Bad Loan,,,,,
L100538,2025-02-06 00:00:00,C200538,55,West,Employed,26016,21552,11.41,24,663,Medical,Approved,18390.26,16322.17,Partially Repaid,Good Loan,,,,,
L100022,2025-02-07 00:00:00,C200022,47,East,Employed,72220,33921,11.21,36,731,Home Improvement,Pending,0,0,Not Due,Bad Loan,,,,,
L100209,2025-02-07 00:00:00,C200209,24,Central,Employed,77042,34793,17.31,36,778,Debt Consolidation,Approved,33552.78,18948.77,Defaulted,Bad Loan,,,,,
L100301,2025-02-07 00:00:00,C200301,26,Central,Self-Employed,113998,21710,19.7,36,656,Education,Approved,18476.59,13888.3,Partially Repaid,Good Loan,,,,,
L100186,2025-02-08 00:00:00,C200186,25,Central,Self-Employed,44170,30151,16.62,36,538,Education,Rejected,0,0,Not Due,Bad Loan,,,,,
L100232,2025-02-08 00:00:00,C200232,46,Central,Self-Employed,130782,49118,12.02,48,743,Home Improvement,Pending,0,0,Not Due,Bad Loan,,,,,
L100360,2025-02-08 00:00:00,C200360,63,North,Employed,22648,9812,21.5,60,692,Debt Consolidation,Pending,0,0,Not Due,Bad Loan,,,,,
L100463,2025-02-08 00:00:00,C200463,58,North,Unemployed,89155,15689,8.23,48,728,Education,Approved,15556.66,15431.65,Partially Repaid,Good Loan,,,,,
L100577,2025-02-08 00:00:00,C200577,43,East,Employed,93969,32949,19.49,60,634,Education,Rejected,0,0,Not Due,Bad Loan,,,,,
L100078,2025-02-09 00:00:00,C200078,56,Central,Employed,36322,77357,7.74,24,727,Home Improvement,Pending,0,0,Not Due,Bad Loan,,,,,
L100085,2025-02-10 00:00:00,C200085,56,South,Self-Employed,24304,19508,16.21,48,779,Vehicle,Approved,17617.86,15509.16,Partially Repaid,Good Loan,,,,,
L100105,2025-02-10 00:00:00,C200105,53,South,Employed,86673,29747,22.57,48,757,Medical,Approved,28848.15,21951.23,Partially Repaid,Good Loan,,,,,
L100131,2025-02-11 00:00:00,C200131,57,West,Employed,45624,22132,5.25,60,755,Debt Consolidation,Approved,19297.21,18266.09,Partially Repaid,Good Loan,,,,,
L100240,2025-02-11 00:00:00,C200240,42,Central,Employed,68290,45309,17.01,24,561,Home Improvement,Pending,0,0,Not Due,Bad Loan,,,,,
L100580,2025-02-11 00:00:00,C200580,50,West,Employed,72189,66619,9.31,48,685,Education,Approved,57839,32872.54,Defaulted,Bad Loan,,,,,
L100358,2025-02-12 00:00:00,C200358,56,East,Employed,83333,65814,16,48,535,Education,Approved,57493.83,43923.66,Partially Repaid,Bad Loan,,,,,
L100502,2025-02-12 00:00:00,C200502,53,West,Employed,62789,72533,15.63,24,765,Education,Approved,68454.01,68454.01,Fully Repaid,Good Loan,,,,,
L100072,2025-02-13 00:00:00,C200072,58,West,Unemployed,68601,73854,12.82,48,659,Medical,Rejected,0,0,Not Due,Bad Loan,,,,,
L100157,2025-02-13 00:00:00,C200157,64,Central,Employed,29116,34245,10.08,24,779,Home Improvement,Rejected,0,0,Not Due,Bad Loan,,,,,
L100503,2025-02-13 00:00:00,C200503,60,Central,Employed,44086,58184,18.05,36,831,Business,Approved,57714.34,40096.26,Partially Repaid,Good Loan,,,,,
L100088,2025-02-14 00:00:00,C200088,29,North,Unemployed,147350,20971,5.54,24,526,Education,Pending,0,0,Not Due,Bad Loan,,,,,
L100151,2025-02-14 00:00:00,C200151,59,East,Employed,24710,13950,16.06,24,675,Debt Consolidation,Approved,13902.79,9005.09,Defaulted,Bad Loan,,,,,
L100321,2025-02-15 00:00:00,C200321,60,West,Employed,107906,30482,20.44,48,633,Vehicle,Approved,26309.4,20681.02,Partially Repaid,Good Loan,,,,,
L100329,2025-02-15 00:00:00,C200329,48,North,Employed,118311,6956,5.11,60,757,Debt Consolidation,Rejected,0,0,Not Due,Bad Loan,,,,,
L100508,2025-02-15 00:00:00,C200508,24,North,Employed,84093,69391,18.27,12,839,Business,Rejected,0,0,Not Due,Bad Loan,,,,,
L100410,2025-02-16 00:00:00,C200410,34,South,Employed,137006,77715,18.35,36,850,Medical,Approved,71558.84,42986.48,Defaulted,Bad Loan,,,,,
L100458,2025-02-16 00:00:00,C200458,22,Central,Employed,36800,22583,20.71,12,687,Vehicle,Approved,19624.53,14239.71,Partially Repaid,Good Loan,,,,,
L100076,2025-02-17 00:00:00,C200076,28,Central,Employed,115239,60272,14.49,60,828,Debt Consolidation,Approved,58423.86,45421.62,Partially Repaid,Good Loan,,,,,
L100112,2025-02-17 00:00:00,C200112,45,North,Self-Employed,92071,57621,20.73,12,566,Education,Approved,52761.52,52761.52,Fully Repaid,Bad Loan,,,,,
L100250,2025-02-17 00:00:00,C200250,42,North,Employed,92567,10811,19.41,12,525,Home Improvement,Approved,10672.9,7183.95,Partially Repaid,Bad Loan,,,,,
L100257,2025-02-17 00:00:00,C200257,22,North,Employed,52518,14867,12.42,60,641,Business,Rejected,0,0,Not Due,Bad Loan,,,,,
L100288,2025-02-17 00:00:00,C200288,61,South,Employed,72869,65069,9.28,12,709,Education,Pending,0,0,Not Due,Bad Loan,,,,,
L100313,2025-02-17 00:00:00,C200313,50,North,Employed,50174,70323,13.15,12,544,Home Improvement,Approved,68328.66,68328.66,Fully Repaid,Bad Loan,,,,,
L100443,2025-02-17 00:00:00,C200443,35,Central,Employed,40852,54874,14.02,48,641,Vehicle,Pending,0,0,Not Due,Bad Loan,,,,,
L100029,2025-02-18 00:00:00,C200029,33,South,Employed,148349,58071,13.33,48,794,Vehicle,Approved,49651.49,41788.52,Partially Repaid,Good Loan,,,,,
L100317,2025-02-18 00:00:00,C200317,44,East,Self-Employed,67678,27242,13.29,24,820,Medical,Rejected,0,0,Not Due,Bad Loan,,,,,
L100393,2025-02-18 00:00:00,C200393,55,North,Self-Employed,89425,45884,18.02,12,540,Business,Rejected,0,0,Not Due,Bad Loan,,,,,
L100062,2025-02-19 00:00:00,C200062,21,North,Employed,36681,7571,19.64,12,739,Home Improvement,Rejected,0,0,Not Due,Bad Loan,,,,,
L100364,2025-02-19 00:00:00,C200364,30,Central,Employed,132598,45798,17.03,12,733,Home Improvement,Rejected,0,0,Not Due,Bad Loan,,,,,
L100034,2025-02-20 00:00:00,C200034,61,East,Employed,40436,39713,18.32,48,707,Debt Consolidation,Approved,35158.22,33263.92,Partially Repaid,Good Loan,,,,,
L100039,2025-02-20 00:00:00,C200039,48,South,Employed,135666,9016,22.32,24,730,Education,Approved,8690.04,6876.32,Partially Repaid,Good Loan,,,,,
L100174,2025-02-20 00:00:00,C200174,38,West,Employed,80987,35487,18.24,36,700,Vehicle,Approved,34650.99,34650.99,Fully Repaid,Good Loan,,,,,
L100303,2025-02-20 00:00:00,C200303,54,South,Employed,76643,20601,7.86,12,739,Vehicle,Rejected,0,0,Not Due,Bad Loan,,,,,
L100385,2025-02-20 00:00:00,C200385,51,South,Employed,42995,21991,20.39,60,654,Debt Consolidation,Approved,19866.89,10589.82,Defaulted,Bad Loan,,,,,
L100136,2025-02-21 00:00:00,C200136,37,North,Unemployed,99816,41779,12.31,60,779,Home Improvement,Approved,39247.47,18316.98,Defaulted,Bad Loan,,,,,
L100184,2025-02-21 00:00:00,C200184,62,South,Employed,19283,29606,23.08,60,671,Medical,Approved,29589.23,26123.43,Partially Repaid,Good Loan,,,,,
L100228,2025-02-21 00:00:00,C200228,21,South,Employed,39447,37063,18.86,48,574,Education,Approved,33814.21,29701.55,Partially Repaid,Bad Loan,,,,,
L100414,2025-02-21 00:00:00,C200414,65,West,Employed,118123,62142,16.71,48,661,Education,Rejected,0,0,Not Due,Bad Loan,,,,,
L100562,2025-02-21 00:00:00,C200562,48,West,Self-Employed,95842,64120,22.57,12,692,Vehicle,Approved,58370.94,37954.1,Partially Repaid,Good Loan,,,,,
L100018,2025-02-22 00:00:00,C200018,51,East,Unemployed,134859,3589,9.08,36,707,Home Improvement,Rejected,0,0,Not Due,Bad Loan,,,,,
L100051,2025-02-22 00:00:00,C200051,31,North,Employed,110573,60161,11.33,36,558,Education,Approved,54795.89,27395.46,Defaulted,Bad Loan,,,,,
L100081,2025-02-22 00:00:00,C200081,48,Central,Employed,47055,7842,14.5,36,637,Business,Approved,6780.52,4713.95,Partially Repaid,Good Loan,,,,,
L100202,2025-02-22 00:00:00,C200202,31,South,Employed,18587,57835,15.1,24,709,Vehicle,Approved,51935.97,25353.11,Defaulted,Bad Loan,,,,,
L100401,2025-02-22 00:00:00,C200401,61,North,Employed,124022,5832,23.12,24,620,Debt Consolidation,Approved,5399.97,5333.84,Partially Repaid,Good Loan,,,,,
L100573,2025-02-22 00:00:00,C200573,21,West,Employed,134923,78361,12.14,48,693,Medical,Approved,68386.55,59897.8,Partially Repaid,Good Loan,,,,,
L100067,2025-02-23 00:00:00,C200067,32,South,Employed,48682,34441,21.44,36,782,Debt Consolidation,Rejected,0,0,Not Due,Bad Loan,,,,,
L100070,2025-02-23 00:00:00,C200070,36,North,Employed,84707,46760,5.67,12,843,Vehicle,Approved,41066.75,36307.97,Partially Repaid,Good Loan,,,,,
L100196,2025-02-23 00:00:00,C200196,54,South,Employed,149717,23607,19.3,24,674,Home Improvement,Approved,20397.25,18025.12,Partially Repaid,Good Loan,,,,,
L100261,2025-02-23 00:00:00,C200261,27,North,Employed,23075,75402,13.23,60,564,Vehicle,Approved,72890.94,72824.12,Partially Repaid,Bad Loan,,,,,
L100280,2025-02-23 00:00:00,C200280,45,Central,Employed,110493,52081,13.43,12,531,Debt Consolidation,Approved,50337.5,23401.42,Defaulted,Bad Loan,,,,,
L100340,2025-02-23 00:00:00,C200340,46,Central,Unemployed,103371,14602,10.93,24,739,Vehicle,Approved,13653.29,9999.95,Partially Repaid,Good Loan,,,,,
L100398,2025-02-23 00:00:00,C200398,49,East,Employed,94917,39544,18.03,48,596,Home Improvement,Approved,37766.58,23060.31,Defaulted,Bad Loan,,,,,
L100036,2025-02-24 00:00:00,C200036,21,Central,Employed,126899,47409,17.43,12,571,Business,Rejected,0,0,Not Due,Bad Loan,,,,,
L100412,2025-02-24 00:00:00,C200412,24,East,Self-Employed,56392,22466,9.39,48,557,Debt Consolidation,Pending,0,0,Not Due,Bad Loan,,,,,
L100370,2025-02-26 00:00:00,C200370,33,West,Employed,99554,41464,22.86,48,653,Home Improvement,Approved,36068.31,20551.79,Defaulted,Bad Loan,,,,,
L100576,2025-02-26 00:00:00,C200576,50,Central,Employed,112754,69054,17.81,12,545,Business,Rejected,0,0,Not Due,Bad Loan,,,,,
L100026,2025-02-27 00:00:00,C200026,59,Central,Employed,41284,48101,21.37,36,686,Debt Consolidation,Approved,45506.77,22269.91,Defaulted,Bad Loan,,,,,
L100341,2025-02-27 00:00:00,C200341,65,West,Employed,129032,11256,5.3,36,706,Medical,Pending,0,0,Not Due,Bad Loan,,,,,
L100390,2025-02-27 00:00:00,C200390,29,Central,Employed,120112,29056,13.61,48,628,Home Improvement,Approved,27808.02,27644.51,Partially Repaid,Good Loan,,,,,
L100391,2025-02-27 00:00:00,C200391,54,East,Self-Employed,34715,8614,23.03,60,832,Education,Rejected,0,0,Not Due,Bad Loan,,,,,
L100427,2025-02-27 00:00:00,C200427,35,West,Self-Employed,93769,9214,18.13,24,672,Home Improvement,Rejected,0,0,Not Due,Bad Loan,,,,,
L100436,2025-02-27 00:00:00,C200436,59,South,Self-Employed,58379,12014,17.72,12,648,Medical,Approved,10891.92,10550.37,Partially Repaid,Good Loan,,,,,
L100521,2025-02-27 00:00:00,C200521,31,North,Employed,140813,21477,19.09,12,649,Education,Rejected,0,0,Not Due,Bad Loan,,,,,
L100030,2025-02-28 00:00:00,C200030,48,North,Employed,88553,73121,23.93,24,621,Medical,Approved,68512.1,41340.18,Defaulted,Bad Loan,,,,,
L100177,2025-02-28 00:00:00,C200177,47,North,Unemployed,123487,52124,13.34,12,776,Education,Approved,50027.62,30385.01,Defaulted,Bad Loan,,,,,
L100047,2025-03-01 00:00:00,C200047,65,West,Employed,25531,28917,9.09,36,656,Medical,Approved,27154.59,17428.7,Defaulted,Bad Loan,,,,,
L100246,2025-03-01 00:00:00,C200246,21,North,Self-Employed,76810,68652,15.41,48,642,Debt Consolidation,Approved,63424.5,44174.52,Partially Repaid,Good Loan,,,,,
L100368,2025-03-01 00:00:00,C200368,64,Central,Employed,88028,49857,21.36,24,604,Home Improvement,Approved,45780.87,23398.99,Defaulted,Bad Loan,,,,,
L100402,2025-03-01 00:00:00,C200402,57,South,Unemployed,78058,36148,21.75,60,765,Business,Approved,35142.86,30273.03,Partially Repaid,Good Loan,,,,,
L100312,2025-03-02 00:00:00,C200312,24,North,Employed,77871,14297,19.89,60,716,Home Improvement,Rejected,0,0,Not Due,Bad Loan,,,,,
L100114,2025-03-03 00:00:00,C200114,47,Central,Employed,88202,18923,20.38,60,583,Medical,Approved,18247.82,8922.08,Defaulted,Bad Loan,,,,,
L100152,2025-03-03 00:00:00,C200152,46,South,Employed,55991,78240,7.25,60,535,Home Improvement,Approved,77821.65,55592.82,Partially Repaid,Bad Loan,,,,,
L100172,2025-03-03 00:00:00,C200172,58,North,Employed,23906,8155,5.42,60,537,Home Improvement,Approved,8067.86,7318.84,Partially Repaid,Bad Loan,,,,,
L100183,2025-03-03 00:00:00,C200183,50,East,Employed,74481,6426,19.69,36,719,Home Improvement,Approved,5977.59,4808.87,Partially Repaid,Good Loan,,,,,
L100430,2025-03-03 00:00:00,C200430,37,Central,Employed,146379,30884,22.87,12,740,Home Improvement,Approved,27748.4,23038.66,Partially Repaid,Good Loan,,,,,
L100548,2025-03-03 00:00:00,C200548,47,East,Self-Employed,108102,48163,19.28,12,549,Home Improvement,Approved,45937.34,33554.12,Partially Repaid,Bad Loan,,,,,
L100096,2025-03-04 00:00:00,C200096,26,East,Employed,63232,4257,14.81,24,545,Debt Consolidation,Approved,4149.97,3488.39,Partially Repaid,Bad Loan,,,,,
L100134,2025-03-04 00:00:00,C200134,30,West,Unemployed,47118,44965,12.81,60,651,Medical,Approved,42619.72,34535.65,Partially Repaid,Good Loan,,,,,
L100387,2025-03-04 00:00:00,C200387,64,Central,Employed,28651,79801,8.88,60,653,Debt Consolidation,Approved,70628.16,54016.66,Partially Repaid,Good Loan,,,,,
L100424,2025-03-04 00:00:00,C200424,58,West,Self-Employed,86670,32106,7.38,48,554,Debt Consolidation,Rejected,0,0,Not Due,Bad Loan,,,,,
L100037,2025-03-05 00:00:00,C200037,23,West,Employed,44201,50766,20.55,36,630,Business,Approved,44763.28,39309.52,Partially Repaid,Good Loan,,,,,
L100089,2025-03-06 00:00:00,C200089,53,South,Employed,37446,27599,8.99,48,641,Education,Approved,26285.31,23573.99,Partially Repaid,Good Loan,,,,,
L100374,2025-03-06 00:00:00,C200374,21,East,Employed,26210,22954,11.89,24,677,Vehicle,Approved,20950.06,10850.85,Defaulted,Bad Loan,,,,,
L100498,2025-03-06 00:00:00,C200498,33,West,Employed,136418,72305,5.3,60,592,Debt Consolidation,Approved,69953.21,51504.16,Partially Repaid,Bad Loan,,,,,
L100149,2025-03-07 00:00:00,C200149,51,North,Employed,93939,21611,7.31,48,551,Education,Rejected,0,0,Not Due,Bad Loan,,,,,
L100382,2025-03-07 00:00:00,C200382,58,Central,Employed,41377,17523,6.33,48,822,Education,Rejected,0,0,Not Due,Bad Loan,,,,,
L100336,2025-03-08 00:00:00,C200336,22,East,Employed,104795,17417,21.13,36,733,Education,Approved,17313.46,15473.7,Partially Repaid,Good Loan,,,,,
L100342,2025-03-08 00:00:00,C200342,64,Central,Unemployed,60604,36681,5.33,60,808,Business,Approved,34842.99,19673.65,Defaulted,Bad Loan,,,,,
L100497,2025-03-08 00:00:00,C200497,46,West,Employed,110021,52445,22.87,24,593,Home Improvement,Rejected,0,0,Not Due,Bad Loan,,,,,
L100206,2025-03-09 00:00:00,C200206,31,East,Self-Employed,109353,9659,14.2,12,699,Medical,Rejected,0,0,Not Due,Bad Loan,,,,,
L100284,2025-03-09 00:00:00,C200284,45,South,Employed,32849,10199,15.44,12,690,Education,Approved,8789.44,6880.13,Partially Repaid,Good Loan,,,,,
L100211,2025-03-10 00:00:00,C200211,24,East,Employed,127089,57751,10.34,48,690,Home Improvement,Approved,49163.01,34091.04,Partially Repaid,Good Loan,,,,,
L100448,2025-03-10 00:00:00,C200448,47,West,Employed,60359,34920,15.07,12,529,Vehicle,Approved,30755.68,24208.6,Partially Repaid,Bad Loan,,,,,
L100457,2025-03-10 00:00:00,C200457,42,Central,Self-Employed,49778,12728,5.39,48,710,Business,Approved,12548.37,7926.31,Defaulted,Bad Loan,,,,,
L100469,2025-03-10 00:00:00,C200469,35,West,Employed,26556,23644,6.87,48,766,Debt Consolidation,Rejected,0,0,Not Due,Bad Loan,,,,,
L100477,2025-03-10 00:00:00,C200477,22,West,Employed,18138,43520,10.92,36,532,Education,Approved,43516.48,30748.81,Partially Repaid,Bad Loan,,,,,
L100567,2025-03-10 00:00:00,C200567,61,North,Self-Employed,29590,47833,18.35,12,555,Education,Approved,43174.38,40036.75,Partially Repaid,Bad Loan,,,,,
L100218,2025-03-11 00:00:00,C200218,52,Central,Unemployed,50602,25091,15.37,36,729,Home Improvement,Pending,0,0,Not Due,Bad Loan,,,,,
L100396,2025-03-11 00:00:00,C200396,60,West,Self-Employed,92637,39044,13.62,24,631,Education,Approved,35691.34,26652.8,Partially Repaid,Good Loan,,,,,
L100091,2025-03-12 00:00:00,C200091,33,Central,Employed,80032,69055,18.55,48,734,Medical,Approved,61453.09,34657.14,Defaulted,Bad Loan,,,,,
L100146,2025-03-12 00:00:00,C200146,52,North,Employed,79001,17193,12.87,36,642,Education,Rejected,0,0,Not Due,Bad Loan,,,,,
L100006,2025-03-13 00:00:00,C200006,39,North,Self-Employed,94256,69904,16.88,12,565,Vehicle,Approved,61577.2,40178.27,Partially Repaid,Bad Loan,,,,,
L100108,2025-03-13 00:00:00,C200108,52,South,Employed,114111,20135,9.84,24,598,Home Improvement,Approved,19863.77,19863.77,Fully Repaid,Bad Loan,,,,,
L100042,2025-03-14 00:00:00,C200042,58,West,Employed,86920,60608,5.3,24,759,Education,Approved,52849.7,52849.7,Fully Repaid,Good Loan,,,,,
L100501,2025-03-15 00:00:00,C200501,45,North,Employed,94021,29962,17.47,48,649,Business,Approved,27658.11,13675.41,Defaulted,Bad Loan,,,,,
L100590,2025-03-15 00:00:00,C200590,34,North,Employed,40031,47800,20.12,24,847,Home Improvement,Approved,45249.01,30316.05,Partially Repaid,Good Loan,,,,,
L100010,2025-03-16 00:00:00,C200010,42,North,Employed,51787,37596,12.33,60,648,Medical,Approved,35769.94,29393.93,Partially Repaid,Good Loan,,,,,
L100160,2025-03-16 00:00:00,C200160,50,East,Self-Employed,22135,53374,15.87,60,823,Medical,Rejected,0,0,Not Due,Bad Loan,,,,,
L100266,2025-03-16 00:00:00,C200266,38,South,Self-Employed,134219,65064,10.83,48,835,Medical,Pending,0,0,Not Due,Bad Loan,,,,,
L100523,2025-03-16 00:00:00,C200523,21,North,Self-Employed,20454,45526,7.5,48,532,Business,Pending,0,0,Not Due,Bad Loan,,,,,
L100586,2025-03-16 00:00:00,C200586,60,South,Self-Employed,59869,36510,10.29,60,573,Debt Consolidation,Approved,34068.02,25786.61,Partially Repaid,Bad Loan,,,,,
L100451,2025-03-17 00:00:00,C200451,58,East,Unemployed,25597,33845,7.17,12,793,Home Improvement,Rejected,0,0,Not Due,Bad Loan,,,,,
L100558,2025-03-17 00:00:00,C200558,49,West,Employed,67847,12561,9.5,48,602,Vehicle,Approved,10847.21,7700.98,Partially Repaid,Good Loan,,,,,
L100588,2025-03-17 00:00:00,C200588,38,East,Self-Employed,79388,5849,22.64,60,741,Education,Approved,5303.91,5263.96,Partially Repaid,Good Loan,,,,,
L100481,2025-03-21 00:00:00,C200481,56,North,Employed,117931,36998,13.39,36,708,Home Improvement,Approved,33113.58,16683.3,Defaulted,Bad Loan,,,,,
L100060,2025-03-22 00:00:00,C200060,35,South,Employed,23347,55384,23.77,48,794,Business,Approved,54518.48,36838.92,Partially Repaid,Good Loan,,,,,
L100098,2025-03-22 00:00:00,C200098,25,West,Self-Employed,68669,26972,22.91,12,548,Vehicle,Approved,23588.16,16526.46,Partially Repaid,Bad Loan,,,,,
L100192,2025-03-22 00:00:00,C200192,37,South,Employed,110051,54428,18.58,60,552,Vehicle,Approved,51197.46,26913.61,Defaulted,Bad Loan,,,,,
L100511,2025-03-22 00:00:00,C200511,28,South,Employed,84418,37531,22.16,12,725,Vehicle,Rejected,0,0,Not Due,Bad Loan,,,,,
L100079,2025-03-23 00:00:00,C200079,46,East,Employed,105896,73368,19.9,36,788,Vehicle,Approved,69443.86,39305.47,Defaulted,Bad Loan,,,,,
L100233,2025-03-23 00:00:00,C200233,54,South,Employed,120932,23625,5.86,36,739,Business,Approved,21810.25,11474.89,Defaulted,Bad Loan,,,,,
L100279,2025-03-23 00:00:00,C200279,64,West,Employed,113028,57745,7.54,36,825,Vehicle,Approved,55298.59,55298.59,Fully Repaid,Good Loan,,,,,
L100563,2025-03-24 00:00:00,C200563,41,West,Self-Employed,140225,3988,19.93,60,526,Business,Approved,3420.44,2188.68,Defaulted,Bad Loan,,,,,
L100053,2025-03-25 00:00:00,C200053,56,Central,Employed,149234,37205,12.28,12,726,Vehicle,Approved,33255.22,21180.5,Defaulted,Bad Loan,,,,,
L100158,2025-03-25 00:00:00,C200158,25,West,Employed,83794,46724,11.38,12,536,Education,Pending,0,0,Not Due,Bad Loan,,,,,
L100271,2025-03-25 00:00:00,C200271,57,West,Self-Employed,52228,68155,8.52,12,745,Home Improvement,Pending,0,0,Not Due,Bad Loan,,,,,
L100485,2025-03-25 00:00:00,C200485,25,South,Employed,76478,46814,10.36,24,586,Home Improvement,Approved,45102.79,26347.31,Defaulted,Bad Loan,,,,,
L100549,2025-03-25 00:00:00,C200549,37,Central,Employed,69919,5765,16.85,60,824,Education,Approved,5035.02,3128.5,Defaulted,Bad Loan,,,,,
L100462,2025-03-26 00:00:00,C200462,53,East,Employed,81918,67942,23.53,12,673,Medical,Approved,59747.99,50599.36,Partially Repaid,Good Loan,,,,,
L100147,2025-03-27 00:00:00,C200147,54,North,Employed,140775,46864,18.92,36,818,Home Improvement,Pending,0,0,Not Due,Bad Loan,,,,,
L100349,2025-03-27 00:00:00,C200349,53,Central,Self-Employed,72245,58575,22.83,48,618,Business,Approved,55802.37,34228.57,Defaulted,Bad Loan,,,,,
L100384,2025-03-27 00:00:00,C200384,50,West,Self-Employed,21744,49068,19.21,36,689,Debt Consolidation,Approved,46294.22,32276.82,Partially Repaid,Good Loan,,,,,
L100392,2025-03-27 00:00:00,C200392,32,North,Self-Employed,79350,9415,6.15,48,806,Education,Approved,8181.83,4101.07,Defaulted,Bad Loan,,,,,
L100455,2025-03-27 00:00:00,C200455,53,West,Self-Employed,133598,79603,16.98,24,534,Education,Approved,76291.72,68451.88,Partially Repaid,Bad Loan,,,,,
L100551,2025-03-27 00:00:00,C200551,64,East,Self-Employed,136325,77277,6.02,48,630,Debt Consolidation,Rejected,0,0,Not Due,Bad Loan,,,,,
L100197,2025-03-28 00:00:00,C200197,26,East,Self-Employed,99835,26968,13.84,24,765,Medical,Pending,0,0,Not Due,Bad Loan,,,,,
L100011,2025-03-29 00:00:00,C200011,37,North,Employed,39621,36324,22.79,24,713,Vehicle,Approved,35553.57,30152.78,Partially Repaid,Good Loan,,,,,
L100020,2025-03-29 00:00:00,C200020,64,West,Employed,138312,2159,14.46,12,716,Business,Approved,2062.91,2062.91,Fully Repaid,Good Loan,,,,,
L100093,2025-03-29 00:00:00,C200093,49,Central,Employed,36474,56120,12.77,12,547,Education,Pending,0,0,Not Due,Bad Loan,,,,,
L100028,2025-03-30 00:00:00,C200028,65,South,Employed,43122,73126,14.74,36,762,Business,Pending,0,0,Not Due,Bad Loan,,,,,
L100046,2025-03-30 00:00:00,C200046,52,East,Employed,35069,46757,13.07,48,596,Business,Rejected,0,0,Not Due,Bad Loan,,,,,
L100090,2025-03-30 00:00:00,C200090,40,West,Employed,20336,68914,10.34,48,530,Home Improvement,Approved,65076.19,35853.2,Defaulted,Bad Loan,,,,,
L100444,2025-03-30 00:00:00,C200444,49,North,Employed,97239,71087,6.05,24,589,Vehicle,Approved,64891.05,59964.45,Partially Repaid,Bad Loan,,,,,
L100050,2025-03-31 00:00:00,C200050,41,Central,Self-Employed,63603,64551,12.07,36,759,Home Improvement,Rejected,0,0,Not Due,Bad Loan,,,,,
L100130,2025-03-31 00:00:00,C200130,43,West,Employed,132586,30172,12.88,36,520,Business,Rejected,0,0,Not Due,Bad Loan,,,,,
L100224,2025-03-31 00:00:00,C200224,62,South,Self-Employed,94229,13033,22.91,36,653,Medical,Approved,11490.08,9706.47,Partially Repaid,Good Loan,,,,,
L100244,2025-03-31 00:00:00,C200244,46,North,Employed,40746,39853,16.04,60,814,Business,Approved,38171.4,31005.7,Partially Repaid,Good Loan,,,,,
L100428,2025-03-31 00:00:00,C200428,53,Central,Employed,84677,29127,16.46,60,645,Education,Approved,26099.63,13807.38,Defaulted,Bad Loan,,,,,
L100512,2025-03-31 00:00:00,C200512,62,East,Self-Employed,143074,54815,21.91,48,698,Medical,Approved,47711.44,47711.44,Fully Repaid,Good Loan,,,,,
L100516,2025-03-31 00:00:00,C200516,49,West,Employed,113071,58408,14.75,12,806,Vehicle,Approved,51828.14,28424.53,Defaulted,Bad Loan,,,,,
L100054,2025-04-02 00:00:00,C200054,55,West,Self-Employed,37675,57103,14.38,24,786,Business,Approved,51062.79,46965.21,Partially Repaid,Good Loan,,,,,
L100162,2025-04-02 00:00:00,C200162,43,West,Self-Employed,143147,22447,12.88,48,651,Education,Rejected,0,0,Not Due,Bad Loan,,,,,
L100380,2025-04-02 00:00:00,C200380,35,South,Employed,84262,16270,17.24,60,820,Education,Pending,0,0,Not Due,Bad Loan,,,,,
L100426,2025-04-02 00:00:00,C200426,43,East,Self-Employed,33434,18589,9.11,48,520,Education,Approved,16271.49,9727.24,Defaulted,Bad Loan,,,,,
L100003,2025-04-03 00:00:00,C200003,49,East,Employed,75775,60394,22.84,36,535,Medical,Approved,56596.03,28393.18,Defaulted,Bad Loan,,,,,
L100219,2025-04-03 00:00:00,C200219,39,North,Self-Employed,147295,34983,23.65,24,715,Vehicle,Approved,32058.56,15491.21,Defaulted,Bad Loan,,,,,
L100275,2025-04-03 00:00:00,C200275,37,North,Employed,95175,36064,18.76,36,785,Vehicle,Approved,35879.19,20705.12,Defaulted,Bad Loan,,,,,
L100328,2025-04-03 00:00:00,C200328,40,South,Employed,149265,47740,17.81,60,545,Business,Approved,42649.61,21185.23,Defaulted,Bad Loan,,,,,
L100450,2025-04-03 00:00:00,C200450,49,West,Employed,138906,13108,8.15,36,763,Home Improvement,Approved,11244.59,9525.47,Partially Repaid,Good Loan,,,,,
L100514,2025-04-03 00:00:00,C200514,51,North,Employed,148351,34298,14.69,12,742,Business,Approved,29949.63,18517.05,Defaulted,Bad Loan,,,,,
L100409,2025-04-04 00:00:00,C200409,39,West,Employed,92964,24318,16.29,12,653,Debt Consolidation,Approved,22468.55,15745.54,Partially Repaid,Good Loan,,,,,
L100459,2025-04-04 00:00:00,C200459,30,Central,Employed,43372,9263,11.95,12,528,Business,Approved,8121.59,7640.61,Partially Repaid,Bad Loan,,,,,
L100075,2025-04-05 00:00:00,C200075,48,Central,Employed,140788,31796,20.84,36,565,Home Improvement,Pending,0,0,Not Due,Bad Loan,,,,,
L100331,2025-04-05 00:00:00,C200331,24,Central,Employed,29190,68641,15.85,24,564,Business,Approved,59888.34,36676.23,Defaulted,Bad Loan,,,,,
L100507,2025-04-05 00:00:00,C200507,56,Central,Employed,64099,2389,7.34,24,815,Medical,Approved,2053.19,1030.44,Defaulted,Bad Loan,,,,,
L100135,2025-04-06 00:00:00,C200135,39,East,Employed,118417,10016,18.72,60,737,Medical,Rejected,0,0,Not Due,Bad Loan,,,,,
L100137,2025-04-06 00:00:00,C200137,41,East,Self-Employed,31565,33881,14.3,36,520,Business,Pending,0,0,Not Due,Bad Loan,,,,,
L100180,2025-04-06 00:00:00,C200180,53,South,Employed,70756,66110,7.17,12,756,Debt Consolidation,Approved,62513.31,62513.31,Fully Repaid,Good Loan,,,,,
L100227,2025-04-06 00:00:00,C200227,26,East,Self-Employed,46795,49562,6.33,36,604,Business,Rejected,0,0,Not Due,Bad Loan,,,,,
L100440,2025-04-06 00:00:00,C200440,27,West,Employed,62014,32881,20,60,564,Business,Approved,31694.92,21349.52,Partially Repaid,Bad Loan,,,,,
L100475,2025-04-06 00:00:00,C200475,32,West,Self-Employed,18340,3538,19.83,36,777,Education,Approved,3067.61,1519.44,Defaulted,Bad Loan,,,,,
L100535,2025-04-06 00:00:00,C200535,30,Central,Self-Employed,66456,61722,9.8,60,733,Debt Consolidation,Approved,54409.03,40215.9,Partially Repaid,Good Loan,,,,,
L100216,2025-04-07 00:00:00,C200216,47,North,Employed,99557,35840,19.12,48,530,Education,Approved,30504.12,30504.12,Fully Repaid,Bad Loan,,,,,
L100309,2025-04-07 00:00:00,C200309,41,East,Employed,109170,7722,20.66,12,799,Debt Consolidation,Approved,7284.8,6394.66,Partially Repaid,Good Loan,,,,,
L100213,2025-04-08 00:00:00,C200213,23,East,Employed,123400,9006,5.8,12,755,Education,Rejected,0,0,Not Due,Bad Loan,,,,,
L100381,2025-04-08 00:00:00,C200381,44,East,Self-Employed,85411,32908,23.51,36,607,Vehicle,Approved,28608.09,24766.8,Partially Repaid,Good Loan,,,,,
L100116,2025-04-09 00:00:00,C200116,53,East,Unemployed,85263,64261,17.01,36,763,Vehicle,Approved,63689.89,37841.16,Defaulted,Bad Loan,,,,,
L100241,2025-04-09 00:00:00,C200241,50,West,Employed,144688,69468,6.81,36,572,Medical,Approved,68600.58,46659.74,Partially Repaid,Bad Loan,,,,,
L100255,2025-04-09 00:00:00,C200255,34,South,Unemployed,26787,15979,17.59,60,586,Home Improvement,Approved,14883.5,7412.55,Defaulted,Bad Loan,,,,,
L100273,2025-04-09 00:00:00,C200273,30,Central,Employed,67437,5642,21.37,24,632,Business,Approved,5291.47,2875.47,Defaulted,Bad Loan,,,,,
L100324,2025-04-09 00:00:00,C200324,44,East,Employed,46803,22058,20.71,36,722,Education,Approved,21367.51,16821.93,Partially Repaid,Good Loan,,,,,
L100332,2025-04-09 00:00:00,C200332,35,East,Self-Employed,80824,65811,10.78,48,735,Home Improvement,Rejected,0,0,Not Due,Bad Loan,,,,,
L100363,2025-04-09 00:00:00,C200363,26,North,Self-Employed,53634,4179,16.75,60,755,Vehicle,Approved,3710.87,2356.44,Defaulted,Bad Loan,,,,,
L100411,2025-04-09 00:00:00,C200411,46,West,Employed,68583,79787,6.26,36,768,Business,Approved,73687.03,47332.17,Defaulted,Bad Loan,,,,,
L100533,2025-04-09 00:00:00,C200533,29,North,Employed,59862,2112,12.05,48,711,Debt Consolidation,Approved,1896.2,915.57,Defaulted,Bad Loan,,,,,
L100543,2025-04-09 00:00:00,C200543,22,South,Employed,58510,33802,5.48,60,554,Debt Consolidation,Approved,29470.08,22996.3,Partially Repaid,Bad Loan,,,,,
L100568,2025-04-09 00:00:00,C200568,40,West,Self-Employed,84624,24625,16.69,48,525,Education,Approved,23785.93,17513.29,Partially Repaid,Bad Loan,,,,,
L100013,2025-04-10 00:00:00,C200013,45,East,Employed,52051,32750,22.85,60,527,Home Improvement,Approved,30924.26,17913.74,Defaulted,Bad Loan,,,,,
L100464,2025-04-10 00:00:00,C200464,33,Central,Unemployed,77500,34934,22.07,60,791,Education,Approved,34810.8,17723.16,Defaulted,Bad Loan,,,,,
L100470,2025-04-10 00:00:00,C200470,49,South,Self-Employed,104836,64021,20.76,36,780,Business,Rejected,0,0,Not Due,Bad Loan,,,,,
L100555,2025-04-10 00:00:00,C200555,26,South,Self-Employed,69151,27991,15.53,36,729,Education,Approved,25482.42,13157.23,Defaulted,Bad Loan,,,,,
L100120,2025-04-11 00:00:00,C200120,21,East,Self-Employed,81878,35002,11.05,24,526,Debt Consolidation,Approved,31079.17,20638.5,Partially Repaid,Bad Loan,,,,,
L100190,2025-04-11 00:00:00,C200190,37,South,Employed,73426,4204,21.83,36,549,Business,Rejected,0,0,Not Due,Bad Loan,,,,,
L100399,2025-04-11 00:00:00,C200399,28,East,Employed,82200,51976,22.29,60,696,Vehicle,Approved,50096.04,34884.84,Partially Repaid,Good Loan,,,,,
L100466,2025-04-11 00:00:00,C200466,56,East,Self-Employed,45716,21873,6.45,24,618,Home Improvement,Rejected,0,0,Not Due,Bad Loan,,,,,
L100495,2025-04-11 00:00:00,C200495,63,North,Employed,108768,6173,15.69,60,787,Education,Approved,5581.93,2891.14,Defaulted,Bad Loan,,,,,
L100530,2025-04-11 00:00:00,C200530,60,North,Unemployed,36354,39327,16.47,48,618,Vehicle,Approved,36740.82,32775.63,Partially Repaid,Good Loan,,,,,
L100001,2025-04-13 00:00:00,C200001,22,South,Employed,80539,72263,16.63,24,573,Vehicle,Approved,69393.02,64428.11,Partially Repaid,Bad Loan,,,,,
L100008,2025-04-13 00:00:00,C200008,65,South,Employed,102730,24173,5.96,60,577,Medical,Approved,21004.32,14497.14,Partially Repaid,Bad Loan,,,,,
L100126,2025-04-13 00:00:00,C200126,51,South,Self-Employed,114468,64507,20.1,24,825,Home Improvement,Approved,57319.17,57319.17,Fully Repaid,Good Loan,,,,,
L100169,2025-04-13 00:00:00,C200169,59,Central,Employed,57901,53955,11.22,12,787,Vehicle,Approved,46320.03,32649.9,Partially Repaid,Good Loan,,,,,
L100405,2025-04-13 00:00:00,C200405,55,Central,Employed,40785,55459,17.21,48,547,Business,Approved,55045.38,53338.81,Partially Repaid,Bad Loan,,,,,
L100014,2025-04-14 00:00:00,C200014,65,Central,Employed,67811,78112,9.19,36,548,Medical,Pending,0,0,Not Due,Bad Loan,,,,,
L100063,2025-04-14 00:00:00,C200063,23,South,Employed,121864,18209,13.12,48,584,Debt Consolidation,Pending,0,0,Not Due,Bad Loan,,,,,
L100118,2025-04-14 00:00:00,C200118,61,Central,Unemployed,28800,76083,10.16,48,606,Vehicle,Approved,74653.52,53995.35,Partially Repaid,Good Loan,,,,,
L100234,2025-04-14 00:00:00,C200234,34,East,Employed,127869,29076,11.65,48,698,Debt Consolidation,Pending,0,0,Not Due,Bad Loan,,,,,
L100270,2025-04-14 00:00:00,C200270,45,East,Employed,68085,60627,16.18,24,621,Debt Consolidation,Approved,60486.73,57897.78,Partially Repaid,Good Loan,,,,,
L100343,2025-04-14 00:00:00,C200343,25,West,Employed,113074,66789,22.42,36,547,Home Improvement,Rejected,0,0,Not Due,Bad Loan,,,,,
L100355,2025-04-14 00:00:00,C200355,58,Central,Employed,134656,78057,18.93,36,645,Education,Pending,0,0,Not Due,Bad Loan,,,,,
L100519,2025-04-15 00:00:00,C200519,61,East,Employed,121651,29798,23.43,48,702,Business,Approved,27513.76,27333.66,Partially Repaid,Good Loan,,,,,
L100544,2025-04-15 00:00:00,C200544,27,South,Employed,39826,28049,9.8,48,702,Home Improvement,Approved,26775.99,25317.58,Partially Repaid,Good Loan,,,,,
L100068,2025-04-16 00:00:00,C200068,30,Central,Self-Employed,142302,41129,22.39,24,786,Debt Consolidation,Approved,39135.19,24127.38,Defaulted,Bad Loan,,,,,
L100419,2025-04-16 00:00:00,C200419,28,East,Employed,111547,62957,23.55,60,671,Education,Approved,61011.2,55158.61,Partially Repaid,Good Loan,,,,,
L100005,2025-04-17 00:00:00,C200005,58,West,Employed,46854,30454,19.67,12,539,Medical,Rejected,0,0,Not Due,Bad Loan,,,,,
L100035,2025-04-18 00:00:00,C200035,59,West,Employed,60963,75463,8.88,24,605,Home Improvement,Approved,69739.56,54926.41,Partially Repaid,Good Loan,,,,,
L100156,2025-04-18 00:00:00,C200156,21,South,Self-Employed,24530,5866,9.63,48,550,Education,Approved,5225.18,2989.36,Defaulted,Bad Loan,,,,,
L100403,2025-04-18 00:00:00,C200403,34,West,Employed,80068,63240,16.11,36,636,Education,Approved,62634.44,60466.56,Partially Repaid,Good Loan,,,,,
L100302,2025-04-19 00:00:00,C200302,46,East,Employed,67812,26532,19.21,12,751,Home Improvement,Approved,25259.46,13555.79,Defaulted,Bad Loan,,,,,
L100407,2025-04-19 00:00:00,C200407,57,West,Employed,20282,59727,19.07,48,577,Business,Approved,54299.52,30244.77,Defaulted,Bad Loan,,,,,
L100578,2025-04-19 00:00:00,C200578,39,South,Self-Employed,95064,24547,5.86,36,803,Debt Consolidation,Approved,21254.53,12309.8,Defaulted,Bad Loan,,,,,
L100278,2025-04-20 00:00:00,C200278,46,East,Unemployed,146202,70431,16.11,36,719,Home Improvement,Approved,62459.49,30604.89,Defaulted,Bad Loan,,,,,
L100055,2025-04-21 00:00:00,C200055,39,East,Employed,91997,72812,10.38,24,673,Home Improvement,Approved,65762.5,47059.18,Partially Repaid,Good Loan,,,,,
L100080,2025-04-21 00:00:00,C200080,28,South,Employed,80292,18211,12.97,12,608,Debt Consolidation,Approved,16017.98,16017.98,Fully Repaid,Good Loan,,,,,
L100311,2025-04-21 00:00:00,C200311,26,Central,Employed,67879,68732,21.3,24,788,Home Improvement,Pending,0,0,Not Due,Bad Loan,,,,,
L100564,2025-04-21 00:00:00,C200564,27,South,Employed,28503,16256,16.21,60,674,Vehicle,Approved,15028.3,13741.83,Partially Repaid,Good Loan,,,,,
L100245,2025-04-22 00:00:00,C200245,56,South,Employed,85990,40405,13.1,24,790,Medical,Approved,37897.28,23850.87,Defaulted,Bad Loan,,,,,
L100272,2025-04-22 00:00:00,C200272,48,East,Employed,61472,27372,16.4,60,797,Debt Consolidation,Approved,24438.01,24438.01,Fully Repaid,Good Loan,,,,,
L100550,2025-04-22 00:00:00,C200550,63,East,Employed,117441,47270,16.41,48,663,Debt Consolidation,Approved,41905.63,41905.63,Fully Repaid,Good Loan,,,,,
L100182,2025-04-23 00:00:00,C200182,35,West,Employed,137052,22936,17.9,60,563,Vehicle,Approved,20739.44,12671.22,Defaulted,Bad Loan,,,,,
L100189,2025-04-23 00:00:00,C200189,30,North,Employed,27752,47671,12.75,60,773,Vehicle,Approved,44777.95,35253.09,Partially Repaid,Good Loan,,,,,
L100191,2025-04-23 00:00:00,C200191,30,Central,Self-Employed,44819,33131,9.22,48,768,Medical,Approved,30203.59,15670.99,Defaulted,Bad Loan,,,,,
L100193,2025-04-23 00:00:00,C200193,40,Central,Unemployed,50994,35870,21.75,24,748,Home Improvement,Approved,33879.32,26009.84,Partially Repaid,Good Loan,,,,,
L100247,2025-04-23 00:00:00,C200247,28,West,Employed,136362,45527,14.9,36,785,Vehicle,Approved,40011.28,23231.34,Defaulted,Bad Loan,,,,,
L100267,2025-04-23 00:00:00,C200267,58,Central,Employed,96610,65761,12.88,60,846,Education,Pending,0,0,Not Due,Bad Loan,,,,,
L100540,2025-04-23 00:00:00,C200540,46,South,Employed,120239,74525,15.89,24,843,Education,Approved,72155.5,72155.5,Fully Repaid,Good Loan,,,,,
L100547,2025-04-23 00:00:00,C200547,54,North,Self-Employed,42045,48220,16.19,12,526,Vehicle,Pending,0,0,Not Due,Bad Loan,,,,,
L100346,2025-04-24 00:00:00,C200346,24,North,Employed,101375,36540,7.52,48,645,Education,Rejected,0,0,Not Due,Bad Loan,,,,,
L100417,2025-04-24 00:00:00,C200417,38,North,Employed,80493,53001,16.34,24,778,Home Improvement,Approved,49604.48,44538.44,Partially Repaid,Good Loan,,,,,
L100522,2025-04-24 00:00:00,C200522,43,West,Employed,97063,19266,10.31,36,672,Business,Rejected,0,0,Not Due,Bad Loan,,,,,
L100297,2025-04-25 00:00:00,C200297,39,East,Employed,69631,20020,20.61,48,575,Home Improvement,Approved,19657.82,12014.06,Defaulted,Bad Loan,,,,,
L100378,2025-04-25 00:00:00,C200378,29,East,Employed,131816,48976,17,60,832,Home Improvement,Approved,42296.07,39801.29,Partially Repaid,Good Loan,,,,,
L100518,2025-04-25 00:00:00,C200518,60,East,Self-Employed,124233,18835,12.65,48,755,Debt Consolidation,Pending,0,0,Not Due,Bad Loan,,,,,
L100167,2025-04-26 00:00:00,C200167,22,East,Employed,38074,57350,19.32,12,585,Education,Rejected,0,0,Not Due,Bad Loan,,,,,
L100212,2025-04-26 00:00:00,C200212,45,Central,Employed,51866,56254,8.95,36,729,Education,Approved,47984.43,22775.78,Defaulted,Bad Loan,,,,,
L100265,2025-04-26 00:00:00,C200265,65,East,Self-Employed,112840,43316,19.41,48,528,Vehicle,Approved,42839,39399.42,Partially Repaid,Bad Loan,,,,,
L100333,2025-04-26 00:00:00,C200333,26,East,Employed,60070,54160,11.04,12,752,Home Improvement,Approved,50713.74,40132.46,Partially Repaid,Good Loan,,,,,
L100408,2025-04-26 00:00:00,C200408,25,West,Self-Employed,85534,40578,6.8,48,816,Home Improvement,Rejected,0,0,Not Due,Bad Loan,,,,,
L100012,2025-04-27 00:00:00,C200012,27,East,Employed,95984,63202,15.3,60,845,Business,Approved,62848.69,59817.8,Partially Repaid,Good Loan,,,,,
L100322,2025-04-27 00:00:00,C200322,57,Central,Self-Employed,114019,11171,18.43,24,630,Business,Rejected,0,0,Not Due,Bad Loan,,,,,
L100429,2025-04-27 00:00:00,C200429,45,West,Self-Employed,101555,7141,16.76,24,745,Medical,Approved,6107.51,5895.26,Partially Repaid,Good Loan,,,,,
L100445,2025-04-27 00:00:00,C200445,53,Central,Employed,109575,14297,22.91,24,567,Vehicle,Rejected,0,0,Not Due,Bad Loan,,,,,
L100566,2025-04-27 00:00:00,C200566,40,East,Self-Employed,144439,61778,19.68,12,553,Home Improvement,Rejected,0,0,Not Due,Bad Loan,,,,,
L100178,2025-04-28 00:00:00,C200178,54,Central,Self-Employed,72400,54870,23.63,24,606,Medical,Approved,48071.31,34209.58,Partially Repaid,Good Loan,,,,,
L100442,2025-04-28 00:00:00,C200442,62,East,Self-Employed,29120,76704,8.19,36,540,Debt Consolidation,Approved,73359.28,56933.45,Partially Repaid,Bad Loan,,,,,
L100298,2025-04-29 00:00:00,C200298,62,West,Self-Employed,27885,10155,13.77,12,674,Debt Consolidation,Pending,0,0,Not Due,Bad Loan,,,,,
L100262,2025-04-30 00:00:00,C200262,23,North,Employed,46365,17449,19.71,60,655,Debt Consolidation,Rejected,0,0,Not Due,Bad Loan,,,,,
L100423,2025-04-30 00:00:00,C200423,52,West,Employed,72312,27711,21.81,24,756,Education,Approved,24547.15,12965.58,Defaulted,Bad Loan,,,,,
L100525,2025-04-30 00:00:00,C200525,41,West,Employed,86344,26335,8.14,36,739,Vehicle,Approved,24856.98,24161.36,Partially Repaid,Good Loan,,,,,
L100164,2025-05-01 00:00:00,C200164,57,Central,Employed,51380,19908,21.56,48,677,Education,Pending,0,0,Not Due,Bad Loan,,,,,
L100166,2025-05-01 00:00:00,C200166,34,East,Employed,35071,42992,12.83,60,722,Medical,Approved,41836.69,40328.19,Partially Repaid,Good Loan,,,,,
L100009,2025-05-02 00:00:00,C200009,21,Central,Employed,45386,35204,16.92,60,630,Home Improvement,Approved,30609.12,23872.85,Partially Repaid,Good Loan,,,,,
L100437,2025-05-02 00:00:00,C200437,26,South,Employed,35297,66425,21.95,60,561,Home Improvement,Rejected,0,0,Not Due,Bad Loan,,,,,
L100583,2025-05-02 00:00:00,C200583,49,Central,Employed,26605,18193,19.7,36,609,Home Improvement,Approved,16528.99,11454.6,Partially Repaid,Good Loan,,,,,
L100600,2025-05-02 00:00:00,C200600,23,West,Self-Employed,141853,57561,16.6,36,710,Education,Approved,50366.92,35245.31,Partially Repaid,Good Loan,,,,,
L100103,2025-05-03 00:00:00,C200103,65,Central,Employed,32357,36773,20.31,60,792,Debt Consolidation,Approved,35044.73,30693.66,Partially Repaid,Good Loan,,,,,
L100207,2025-05-03 00:00:00,C200207,36,West,Employed,113648,62614,5.25,60,691,Business,Approved,61334.7,39387.87,Defaulted,Bad Loan,,,,,
L100572,2025-05-03 00:00:00,C200572,27,West,Employed,26068,67303,22.77,36,645,Vehicle,Approved,60976.72,58885.33,Partially Repaid,Good Loan,,,,,
L100084,2025-05-04 00:00:00,C200084,61,North,Employed,108536,47968,8.82,60,637,Debt Consolidation,Approved,46683.45,22059.79,Defaulted,Bad Loan,,,,,
L100132,2025-05-04 00:00:00,C200132,57,East,Self-Employed,24823,20199,10.62,60,707,Education,Approved,19662.73,19662.73,Fully Repaid,Good Loan,,,,,
L100217,2025-05-04 00:00:00,C200217,49,West,Employed,90516,34430,21.11,48,587,Education,Approved,31448.47,19209.62,Defaulted,Bad Loan,,,,,
L100325,2025-05-04 00:00:00,C200325,51,North,Employed,48795,22313,22.16,36,666,Education,Approved,19638.49,8906.43,Defaulted,Bad Loan,,,,,
L100418,2025-05-04 00:00:00,C200418,60,South,Employed,54027,59649,14.53,24,744,Education,Approved,52834.14,52100.06,Partially Repaid,Good Loan,,,,,
L100490,2025-05-04 00:00:00,C200490,58,Central,Employed,75169,43328,23.84,60,786,Business,Approved,39496.71,39496.71,Fully Repaid,Good Loan,,,,,
L100388,2025-05-05 00:00:00,C200388,34,West,Employed,117239,63250,5.8,60,656,Education,Approved,59826.93,49873.22,Partially Repaid,Good Loan,,,,,
L100200,2025-05-06 00:00:00,C200200,63,West,Employed,64305,76707,7.42,48,680,Business,Rejected,0,0,Not Due,Bad Loan,,,,,
L100441,2025-05-06 00:00:00,C200441,28,North,Self-Employed,112333,10712,12.91,24,653,Business,Approved,9436.18,6237.56,Partially Repaid,Good Loan,,,,,
L100351,2025-05-07 00:00:00,C200351,32,South,Unemployed,76557,48002,12.64,60,646,Debt Consolidation,Approved,46311,27842.12,Defaulted,Bad Loan,,,,,
L100432,2025-05-07 00:00:00,C200432,22,North,Employed,86803,20375,7.43,48,544,Home Improvement,Rejected,0,0,Not Due,Bad Loan,,,,,
L100161,2025-05-08 00:00:00,C200161,37,South,Unemployed,127472,32116,23.74,24,558,Vehicle,Approved,32026.32,20456.89,Defaulted,Bad Loan,,,,,
L100231,2025-05-08 00:00:00,C200231,32,Central,Employed,73077,46769,12.12,60,686,Debt Consolidation,Approved,44448.8,23123.98,Defaulted,Bad Loan,,,,,
L100277,2025-05-08 00:00:00,C200277,42,West,Employed,64733,26820,15.6,24,629,Business,Pending,0,0,Not Due,Bad Loan,,,,,
L100290,2025-05-08 00:00:00,C200290,38,North,Employed,81095,23542,20.69,36,562,Business,Approved,22428.67,19100.01,Partially Repaid,Bad Loan,,,,,
L100294,2025-05-08 00:00:00,C200294,28,Central,Employed,53292,29691,20.65,36,838,Business,Rejected,0,0,Not Due,Bad Loan,,,,,
L100337,2025-05-08 00:00:00,C200337,35,Central,Employed,46933,26729,12.71,36,670,Medical,Approved,22898.42,11494.36,Defaulted,Bad Loan,,,,,
L100483,2025-05-08 00:00:00,C200483,63,Central,Employed,73778,14112,12.52,24,624,Education,Approved,12597.8,11770.84,Partially Repaid,Good Loan,,,,,
L100561,2025-05-08 00:00:00,C200561,46,East,Self-Employed,45810,27917,16.59,48,710,Business,Rejected,0,0,Not Due,Bad Loan,,,,,
L100094,2025-05-09 00:00:00,C200094,33,East,Employed,73718,76619,22.56,24,754,Education,Approved,75365.98,45104.87,Defaulted,Bad Loan,,,,,
L100163,2025-05-09 00:00:00,C200163,35,East,Employed,107087,32431,19.32,12,549,Education,Approved,29590.83,29590.83,Fully Repaid,Bad Loan,,,,,
L100198,2025-05-09 00:00:00,C200198,22,Central,Self-Employed,140232,13908,21.61,60,766,Vehicle,Rejected,0,0,Not Due,Bad Loan,,,,,
L100235,2025-05-09 00:00:00,C200235,46,East,Employed,66781,66805,22.66,48,638,Debt Consolidation,Approved,63065.28,46636.51,Partially Repaid,Good Loan,,,,,
L100249,2025-05-09 00:00:00,C200249,35,North,Self-Employed,104516,2492,17.87,60,554,Business,Approved,2210.09,1167.77,Defaulted,Bad Loan,,,,,
L100435,2025-05-09 00:00:00,C200435,60,South,Unemployed,135961,47046,12.52,36,848,Medical,Approved,46802.66,27609.48,Defaulted,Bad Loan,,,,,
L100446,2025-05-09 00:00:00,C200446,50,Central,Employed,113040,29128,6.42,24,558,Business,Approved,26238.79,22466.25,Partially Repaid,Bad Loan,,,,,
L100023,2025-05-10 00:00:00,C200023,30,East,Self-Employed,111808,18237,21.91,24,628,Medical,Approved,17546.33,14614.95,Partially Repaid,Good Loan,,,,,
L100052,2025-05-10 00:00:00,C200052,57,South,Employed,121302,24440,21.81,48,787,Debt Consolidation,Approved,24381.67,21571.31,Partially Repaid,Good Loan,,,,,
L100187,2025-05-10 00:00:00,C200187,49,South,Unemployed,26438,13308,21.29,60,620,Medical,Approved,12174.29,9241.69,Partially Repaid,Good Loan,,,,,
L100195,2025-05-10 00:00:00,C200195,25,East,Employed,113665,60585,18.25,12,637,Home Improvement,Approved,52808.72,24430.48,Defaulted,Bad Loan,,,,,
L100201,2025-05-10 00:00:00,C200201,63,East,Self-Employed,27346,63215,10.42,36,754,Medical,Rejected,0,0,Not Due,Bad Loan,,,,,
L100353,2025-05-10 00:00:00,C200353,46,South,Self-Employed,114038,24626,6.32,24,599,Business,Rejected,0,0,Not Due,Bad Loan,,,,,
L100509,2025-05-10 00:00:00,C200509,25,Central,Unemployed,66651,15794,12.91,24,670,Education,Rejected,0,0,Not Due,Bad Loan,,,,,
L100016,2025-05-11 00:00:00,C200016,56,Central,Self-Employed,146046,9190,16.73,12,680,Education,Approved,8932.02,4858.73,Defaulted,Bad Loan,,,,,
L100038,2025-05-11 00:00:00,C200038,33,South,Self-Employed,23105,48154,5.95,48,562,Education,Approved,41972.76,24113.64,Defaulted,Bad Loan,,,,,
L100122,2025-05-11 00:00:00,C200122,26,West,Employed,81870,28672,6.48,48,729,Medical,Approved,25523.8,19199.81,Partially Repaid,Good Loan,,,,,
L100188,2025-05-11 00:00:00,C200188,24,South,Employed,38095,64522,17.79,12,614,Medical,Approved,62551.41,57221.5,Partially Repaid,Good Loan,,,,,
L100258,2025-05-11 00:00:00,C200258,65,North,Employed,71909,61234,8.01,48,694,Debt Consolidation,Approved,52959.57,26525.31,Defaulted,Bad Loan,,,,,
L100045,2025-05-12 00:00:00,C200045,65,South,Employed,143736,70703,11.74,48,818,Education,Approved,61760.06,42222.93,Partially Repaid,Good Loan,,,,,
L100064,2025-05-12 00:00:00,C200064,36,East,Employed,65299,45148,8.92,60,751,Education,Pending,0,0,Not Due,Bad Loan,,,,,
L100138,2025-05-12 00:00:00,C200138,34,Central,Employed,109179,26472,13.16,60,590,Education,Rejected,0,0,Not Due,Bad Loan,,,,,
L100584,2025-05-13 00:00:00,C200584,50,East,Employed,118318,32109,7.34,48,695,Business,Rejected,0,0,Not Due,Bad Loan,,,,,
L100066,2025-05-14 00:00:00,C200066,31,North,Self-Employed,120304,50695,11.34,24,571,Vehicle,Approved,46534.59,39667.78,Partially Repaid,Bad Loan,,,,,
L100153,2025-05-14 00:00:00,C200153,54,North,Employed,103445,79403,9.03,36,566,Debt Consolidation,Approved,69442.64,66954.52,Partially Repaid,Bad Loan,,,,,
L100040,2025-05-15 00:00:00,C200040,45,North,Self-Employed,112848,50688,5.56,60,719,Vehicle,Rejected,0,0,Not Due,Bad Loan,,,,,
L100107,2025-05-15 00:00:00,C200107,38,West,Unemployed,83633,59505,15.51,24,692,Debt Consolidation,Rejected,0,0,Not Due,Bad Loan,,,,,
L100292,2025-05-15 00:00:00,C200292,42,East,Unemployed,88910,47242,10.29,36,665,Education,Pending,0,0,Not Due,Bad Loan,,,,,
L100369,2025-05-15 00:00:00,C200369,22,South,Employed,40207,22700,13.76,48,584,Debt Consolidation,Approved,21860.58,19392.44,Partially Repaid,Bad Loan,,,,,
L100520,2025-05-15 00:00:00,C200520,42,North,Employed,90805,66887,22.71,24,728,Vehicle,Rejected,0,0,Not Due,Bad Loan,,,,,
L100095,2025-05-16 00:00:00,C200095,55,North,Employed,62629,40342,7.13,36,832,Business,Approved,37736.9,31591.17,Partially Repaid,Good Loan,,,,,
L100099,2025-05-16 00:00:00,C200099,45,Central,Employed,87184,28654,19.19,48,683,Vehicle,Rejected,0,0,Not Due,Bad Loan,,,,,
L100291,2025-05-16 00:00:00,C200291,56,South,Employed,135886,33312,13.8,60,803,Medical,Approved,29374.93,28874.48,Partially Repaid,Good Loan,,,,,
L100128,2025-05-17 00:00:00,C200128,58,North,Self-Employed,36133,4100,11.55,48,827,Home Improvement,Approved,3502.29,2015.95,Defaulted,Bad Loan,,,,,
L100171,2025-05-17 00:00:00,C200171,54,South,Self-Employed,142661,22093,15.93,24,811,Education,Rejected,0,0,Not Due,Bad Loan,,,,,
L100357,2025-05-17 00:00:00,C200357,31,North,Employed,49337,44998,7.63,36,669,Medical,Approved,42386.65,39600.33,Partially Repaid,Good Loan,,,,,
L100433,2025-05-17 00:00:00,C200433,34,East,Employed,109703,17088,11.6,36,535,Business,Approved,15438.73,11834.52,Partially Repaid,Bad Loan,,,,,
L100597,2025-05-17 00:00:00,C200597,28,Central,Employed,28350,76816,8.59,48,846,Home Improvement,Approved,73826.05,37004.95,Defaulted,Bad Loan,,,,,
L100473,2025-05-18 00:00:00,C200473,49,North,Employed,144060,44291,7.96,24,665,Business,Approved,42112.28,26308.29,Defaulted,Bad Loan,,,,,
L100529,2025-05-18 00:00:00,C200529,21,West,Employed,131613,55747,22.16,60,705,Medical,Approved,51791.81,32232.87,Defaulted,Bad Loan,,,,,
L100097,2025-05-19 00:00:00,C200097,38,South,Unemployed,104544,29364,19.94,60,573,Education,Rejected,0,0,Not Due,Bad Loan,,,,,
L100214,2025-05-19 00:00:00,C200214,52,South,Self-Employed,102246,76218,14.11,36,705,Home Improvement,Approved,69991.69,42634.54,Defaulted,Bad Loan,,,,,
L100251,2025-05-20 00:00:00,C200251,34,East,Employed,33037,26272,5.28,36,630,Business,Approved,23652.97,11010.54,Defaulted,Bad Loan,,,,,
L100434,2025-05-20 00:00:00,C200434,60,East,Self-Employed,39312,59615,13.27,24,701,Home Improvement,Rejected,0,0,Not Due,Bad Loan,,,,,
L100487,2025-05-20 00:00:00,C200487,31,East,Employed,73568,35919,8.62,48,775,Vehicle,Rejected,0,0,Not Due,Bad Loan,,,,,
L100556,2025-05-20 00:00:00,C200556,44,West,Employed,70887,56845,8.79,36,739,Debt Consolidation,Approved,56163.2,32666.41,Defaulted,Bad Loan,,,,,
L100569,2025-05-20 00:00:00,C200569,42,South,Self-Employed,138356,34088,19.45,24,734,Home Improvement,Rejected,0,0,Not Due,Bad Loan,,,,,
L100505,2025-05-21 00:00:00,C200505,32,South,Unemployed,25684,20624,7.22,12,798,Medical,Approved,19201.62,15068.04,Partially Repaid,Good Loan,,,,,
L100552,2025-05-21 00:00:00,C200552,44,North,Self-Employed,37337,24931,12.15,24,751,Home Improvement,Approved,21974.08,11181,Defaulted,Bad Loan,,,,,
L100594,2025-05-21 00:00:00,C200594,58,South,Employed,107833,20689,13.85,36,743,Debt Consolidation,Approved,20440.09,20416.58,Partially Repaid,Good Loan,,,,,
L100125,2025-05-22 00:00:00,C200125,25,East,Employed,23774,57860,14.91,24,657,Education,Approved,55439.03,36202.84,Partially Repaid,Good Loan,,,,,
L100286,2025-05-22 00:00:00,C200286,30,South,Employed,124108,38191,17.1,60,544,Debt Consolidation,Approved,33884.7,33884.7,Fully Repaid,Bad Loan,,,,,
L100377,2025-05-22 00:00:00,C200377,37,North,Employed,99348,47026,22.58,48,744,Home Improvement,Approved,40672.11,31500.4,Partially Repaid,Good Loan,,,,,
L100582,2025-05-22 00:00:00,C200582,65,Central,Employed,140115,28990,13.9,60,597,Vehicle,Approved,28036.3,23989.42,Partially Repaid,Bad Loan,,,,,
L100140,2025-05-23 00:00:00,C200140,21,South,Employed,59971,38021,21.4,60,708,Business,Approved,33855.59,26554.67,Partially Repaid,Good Loan,,,,,
L100379,2025-05-23 00:00:00,C200379,31,South,Employed,141053,47095,6.03,60,622,Debt Consolidation,Approved,41886.5,23163.52,Defaulted,Bad Loan,,,,,
L100215,2025-05-24 00:00:00,C200215,23,West,Employed,94975,67344,8.45,36,614,Vehicle,Rejected,0,0,Not Due,Bad Loan,,,,,
L100243,2025-05-24 00:00:00,C200243,37,West,Employed,90954,69293,5.92,12,770,Debt Consolidation,Rejected,0,0,Not Due,Bad Loan,,,,,
L100376,2025-05-24 00:00:00,C200376,29,South,Employed,96279,65353,7.09,48,665,Business,Pending,0,0,Not Due,Bad Loan,,,,,
L100415,2025-05-24 00:00:00,C200415,62,North,Employed,28516,28564,9.68,12,841,Business,Approved,25707.46,18383.72,Partially Repaid,Good Loan,,,,,
L100453,2025-05-24 00:00:00,C200453,57,East,Employed,132650,44712,7.96,60,763,Education,Approved,43869.61,27498.38,Defaulted,Bad Loan,,,,,
L100460,2025-05-24 00:00:00,C200460,25,East,Employed,79516,69450,11.72,36,628,Home Improvement,Approved,64168.64,64168.64,Fully Repaid,Good Loan,,,,,
L100565,2025-05-24 00:00:00,C200565,37,South,Self-Employed,102761,30230,5.12,48,529,Education,Approved,26254.69,12634.9,Defaulted,Bad Loan,,,,,
L100575,2025-05-24 00:00:00,C200575,33,North,Self-Employed,124752,62710,14.04,36,850,Business,Pending,0,0,Not Due,Bad Loan,,,,,
L100208,2025-05-25 00:00:00,C200208,28,West,Employed,43556,79240,12.79,48,793,Vehicle,Rejected,0,0,Not Due,Bad Loan,,,,,
L100293,2025-05-25 00:00:00,C200293,54,Central,Employed,41567,57388,17.44,24,834,Home Improvement,Approved,51201.15,41687.15,Partially Repaid,Good Loan,,,,,
L100422,2025-05-25 00:00:00,C200422,34,Central,Employed,57758,25064,20.2,60,760,Home Improvement,Rejected,0,0,Not Due,Bad Loan,,,,,
L100591,2025-05-25 00:00:00,C200591,22,East,Self-Employed,98807,38963,19.32,60,698,Education,Rejected,0,0,Not Due,Bad Loan,,,,,
L100071,2025-05-26 00:00:00,C200071,28,East,Employed,83428,25478,19.96,24,673,Vehicle,Approved,22817.08,18169.51,Partially Repaid,Good Loan,,,,,
L100276,2025-05-26 00:00:00,C200276,59,West,Employed,82307,16122,19.17,36,727,Home Improvement,Approved,14126.38,13074.3,Partially Repaid,Good Loan,,,,,
L100587,2025-05-26 00:00:00,C200587,39,South,Employed,50955,3306,21.21,12,703,Medical,Approved,2896.63,2896.63,Fully Repaid,Good Loan,,,,,
L100199,2025-05-27 00:00:00,C200199,33,South,Employed,61732,28423,8.87,24,548,Home Improvement,Approved,25167.75,19467.66,Partially Repaid,Bad Loan,,,,,
L100223,2025-05-27 00:00:00,C200223,48,Central,Self-Employed,85494,38081,9.4,12,691,Vehicle,Approved,35730.06,32507.59,Partially Repaid,Good Loan,,,,,
L100225,2025-05-27 00:00:00,C200225,42,West,Self-Employed,122648,18241,5.81,24,544,Medical,Approved,16152.55,15253.46,Partially Repaid,Bad Loan,,,,,
L100256,2025-05-27 00:00:00,C200256,44,Central,Self-Employed,79709,30328,11.59,60,527,Medical,Rejected,0,0,Not Due,Bad Loan,,,,,
L100314,2025-05-27 00:00:00,C200314,31,West,Employed,128155,25816,8.82,24,667,Medical,Approved,23493.94,13957.54,Defaulted,Bad Loan,,,,,
L100421,2025-05-27 00:00:00,C200421,60,South,Employed,97003,15156,12.13,36,665,Business,Rejected,0,0,Not Due,Bad Loan,,,,,
L100474,2025-05-27 00:00:00,C200474,24,North,Employed,148544,37060,14.09,36,630,Debt Consolidation,Rejected,0,0,Not Due,Bad Loan,,,,,
L100557,2025-05-27 00:00:00,C200557,53,South,Self-Employed,99442,57312,10.59,60,599,Medical,Approved,54305.31,39567.4,Partially Repaid,Bad Loan,,,,,
L100221,2025-05-28 00:00:00,C200221,25,South,Employed,18155,77451,14.75,60,612,Home Improvement,Approved,68540.48,33744.54,Defaulted,Bad Loan,,,,,
L100226,2025-05-28 00:00:00,C200226,41,South,Self-Employed,56547,7939,13.48,12,704,Home Improvement,Approved,7496.04,6285.52,Partially Repaid,Good Loan,,,,,
L100259,2025-05-28 00:00:00,C200259,46,Central,Employed,36351,27851,9.91,24,698,Business,Approved,26275.83,24556.75,Partially Repaid,Good Loan,,,,,
L100289,2025-05-28 00:00:00,C200289,65,North,Self-Employed,144888,58746,15.05,48,660,Debt Consolidation,Pending,0,0,Not Due,Bad Loan,,,,,
L100017,2025-05-30 00:00:00,C200017,26,East,Self-Employed,102045,40333,19.05,36,650,Debt Consolidation,Approved,37784.5,37784.5,Fully Repaid,Good Loan,,,,,
L100389,2025-05-30 00:00:00,C200389,31,South,Employed,96931,18673,16.01,36,764,Debt Consolidation,Rejected,0,0,Not Due,Bad Loan,,,,,
L100113,2025-05-31 00:00:00,C200113,42,East,Self-Employed,48651,60283,9.11,24,700,Home Improvement,Approved,54047.06,46165.16,Partially Repaid,Good Loan,,,,,
L100139,2025-05-31 00:00:00,C200139,29,East,Self-Employed,41648,53813,19.07,60,697,Home Improvement,Pending,0,0,Not Due,Bad Loan,,,,,
L100238,2025-05-31 00:00:00,C200238,29,North,Employed,68939,67101,21,48,734,Home Improvement,Approved,61868.97,35073.78,Defaulted,Bad Loan,,,,,
L100350,2025-05-31 00:00:00,C200350,40,East,Employed,61056,4871,12.88,48,617,Education,Approved,4508.03,2346.43,Defaulted,Bad Loan,,,,,
L100537,2025-05-31 00:00:00,C200537,61,Central,Employed,100035,68960,21.99,60,837,Debt Consolidation,Rejected,0,0,Not Due,Bad Loan,,,,,
L100574,2025-05-31 00:00:00,C200574,52,Central,Employed,29390,6117,18.45,36,671,Home Improvement,Approved,5932.07,4385.79,Partially Repaid,Good Loan,,,,,
L100015,2025-06-01 00:00:00,C200015,24,North,Employed,48447,18566,18.79,12,631,Medical,Pending,0,0,Not Due,Bad Loan,,,,,
L100176,2025-06-01 00:00:00,C200176,35,Central,Employed,128454,22963,22.73,12,772,Business,Approved,21959.23,10648.97,Defaulted,Bad Loan,,,,,
L100260,2025-06-01 00:00:00,C200260,34,North,Employed,33282,33279,16.5,36,604,Education,Approved,30517.88,27859.28,Partially Repaid,Good Loan,,,,,
L100264,2025-06-01 00:00:00,C200264,63,West,Employed,31947,7451,15.29,60,714,Vehicle,Approved,6787.49,3267.5,Defaulted,Bad Loan,,,,,
L100366,2025-06-01 00:00:00,C200366,43,Central,Employed,86648,10275,13.42,60,801,Vehicle,Rejected,0,0,Not Due,Bad Loan,,,,,
L100486,2025-06-01 00:00:00,C200486,40,West,Self-Employed,44762,52719,11.91,48,710,Debt Consolidation,Rejected,0,0,Not Due,Bad Loan,,,,,
L100531,2025-06-01 00:00:00,C200531,35,South,Employed,40190,18199,15.96,60,601,Business,Pending,0,0,Not Due,Bad Loan,,,,,
L100536,2025-06-01 00:00:00,C200536,46,North,Self-Employed,118167,18523,22.84,24,834,Medical,Rejected,0,0,Not Due,Bad Loan,,,,,
L100274,2025-06-02 00:00:00,C200274,59,South,Employed,77711,30001,21.5,48,520,Vehicle,Approved,25993.54,15216.59,Defaulted,Bad Loan,,,,,
L100365,2025-06-02 00:00:00,C200365,25,East,Self-Employed,67334,76601,13.92,48,604,Debt Consolidation,Approved,74507.75,67687.11,Partially Repaid,Good Loan,,,,,
L100386,2025-06-02 00:00:00,C200386,25,Central,Employed,52542,12775,12.86,24,569,Education,Approved,12370.51,10508.24,Partially Repaid,Bad Loan,,,,,
L100083,2025-06-03 00:00:00,C200083,57,West,Employed,99912,68852,16.38,12,635,Debt Consolidation,Rejected,0,0,Not Due,Bad Loan,,,,,
L100452,2025-06-03 00:00:00,C200452,53,East,Employed,65093,4800,5.17,36,607,Home Improvement,Approved,4222.7,3949.56,Partially Repaid,Good Loan,,,,,
L100515,2025-06-03 00:00:00,C200515,29,North,Employed,56635,3481,18.99,24,608,Debt Consolidation,Pending,0,0,Not Due,Bad Loan,,,,,
L100170,2025-06-04 00:00:00,C200170,58,North,Self-Employed,29205,63240,15.39,24,741,Vehicle,Approved,54895.91,37402.31,Partially Repaid,Good Loan,,,,,
L100352,2025-06-04 00:00:00,C200352,21,East,Self-Employed,35543,51812,12.42,48,687,Home Improvement,Approved,47811.78,47811.78,Fully Repaid,Good Loan,,,,,
L100086,2025-06-06 00:00:00,C200086,47,North,Employed,25345,24005,12.75,24,594,Medical,Approved,22765.7,17594.63,Partially Repaid,Bad Loan,,,,,
L100524,2025-06-06 00:00:00,C200524,57,West,Employed,38878,13889,21.24,48,641,Medical,Pending,0,0,Not Due,Bad Loan,,,,,
L100021,2025-06-07 00:00:00,C200021,59,South,Employed,64850,14145,19.11,60,723,Debt Consolidation,Approved,13793.76,7013.11,Defaulted,Bad Loan,,,,,
L100300,2025-06-07 00:00:00,C200300,57,North,Employed,83087,38777,19.95,12,630,Education,Approved,34929.39,27436.41,Partially Repaid,Good Loan,,,,,
L100320,2025-06-07 00:00:00,C200320,51,East,Self-Employed,106668,55574,19.21,36,595,Debt Consolidation,Approved,54805.09,47582.21,Partially Repaid,Bad Loan,,,,,
L100420,2025-06-07 00:00:00,C200420,59,South,Employed,118127,37517,17.99,48,538,Vehicle,Rejected,0,0,Not Due,Bad Loan,,,,,
L100239,2025-06-08 00:00:00,C200239,46,Central,Employed,47516,33433,12.09,60,716,Medical,Rejected,0,0,Not Due,Bad Loan,,,,,
L100145,2025-06-09 00:00:00,C200145,60,North,Employed,89947,3401,11.56,48,763,Education,Rejected,0,0,Not Due,Bad Loan,,,,,
L100179,2025-06-09 00:00:00,C200179,58,North,Employed,49852,58547,14.73,60,609,Debt Consolidation,Approved,52937.17,28805.32,Defaulted,Bad Loan,,,,,
L100204,2025-06-09 00:00:00,C200204,36,South,Employed,87615,40458,20.59,48,790,Debt Consolidation,Approved,35375.53,33771.52,Partially Repaid,Good Loan,,,,,
L100205,2025-06-09 00:00:00,C200205,51,North,Employed,138987,48169,12.69,12,777,Vehicle,Pending,0,0,Not Due,Bad Loan,,,,,
L100253,2025-06-09 00:00:00,C200253,48,South,Employed,30109,49153,18.55,24,596,Medical,Approved,45710.24,41974.92,Partially Repaid,Bad Loan,,,,,
L100334,2025-06-09 00:00:00,C200334,50,South,Employed,58197,53313,23.26,24,712,Education,Approved,50475.28,49416.58,Partially Repaid,Good Loan,,,,,
L100484,2025-06-09 00:00:00,C200484,47,East,Unemployed,55772,77225,18.59,12,527,Business,Approved,69996.41,50801.97,Partially Repaid,Bad Loan,,,,,
L100025,2025-06-10 00:00:00,C200025,39,West,Self-Employed,101820,16743,20.34,48,592,Medical,Rejected,0,0,Not Due,Bad Loan,,,,,
L100229,2025-06-10 00:00:00,C200229,25,South,Employed,105960,78721,16.56,60,770,Medical,Approved,69962.9,69962.9,Fully Repaid,Good Loan,,,,,
L100263,2025-06-10 00:00:00,C200263,43,West,Employed,29002,78221,21.2,24,535,Business,Rejected,0,0,Not Due,Bad Loan,,,,,
L100283,2025-06-10 00:00:00,C200283,40,Central,Unemployed,146775,20793,13.19,12,798,Medical,Approved,20457.62,19536.4,Partially Repaid,Good Loan,,,,,
L100335,2025-06-10 00:00:00,C200335,58,West,Self-Employed,20261,65232,21.94,24,570,Medical,Approved,55613.24,55613.24,Fully Repaid,Bad Loan,,,,,
L100356,2025-06-10 00:00:00,C200356,57,Central,Employed,35087,68668,17.85,36,829,Home Improvement,Pending,0,0,Not Due,Bad Loan,,,,,
L100492,2025-06-10 00:00:00,C200492,28,South,Unemployed,102754,26618,8.79,48,817,Debt Consolidation,Approved,25170.26,14922.82,Defaulted,Bad Loan,,,,,
L100499,2025-06-10 00:00:00,C200499,60,West,Employed,44421,39564,14.93,60,827,Home Improvement,Approved,34627.11,34627.11,Fully Repaid,Good Loan,,,,,
L100073,2025-06-11 00:00:00,C200073,32,South,Employed,129487,14180,21.6,24,570,Vehicle,Approved,12359.01,5778.82,Defaulted,Bad Loan,,,,,
L100110,2025-06-11 00:00:00,C200110,41,West,Employed,87286,25554,6.46,12,736,Education,Approved,24138.19,18690.96,Partially Repaid,Good Loan,,,,,
L100517,2025-06-11 00:00:00,C200517,34,North,Unemployed,96518,71267,21.52,24,795,Vehicle,Approved,64556.93,40097.08,Defaulted,Bad Loan,,,,,
L100100,2025-06-12 00:00:00,C200100,22,North,Employed,31140,31320,18.69,12,789,Home Improvement,Approved,29789.83,18296.91,Defaulted,Bad Loan,,,,,
L100101,2025-06-12 00:00:00,C200101,30,Central,Self-Employed,144468,22808,20.7,48,554,Home Improvement,Rejected,0,0,Not Due,Bad Loan,,,,,
L100281,2025-06-12 00:00:00,C200281,37,Central,Employed,143149,72902,13.56,48,707,Education,Approved,69330.75,65943.7,Partially Repaid,Good Loan,,,,,
L100489,2025-06-12 00:00:00,C200489,60,West,Employed,38219,73569,15.4,12,636,Education,Approved,63662.92,50159.93,Partially Repaid,Good Loan,,,,,
L100585,2025-06-12 00:00:00,C200585,36,West,Employed,37810,21233,16.9,36,540,Education,Approved,20950.63,10546.67,Defaulted,Bad Loan,,,,,
L100061,2025-06-13 00:00:00,C200061,51,East,Employed,58785,7793,10.54,36,749,Vehicle,Approved,6745.01,4521.88,Partially Repaid,Good Loan,,,,,
L100222,2025-06-13 00:00:00,C200222,38,North,Employed,141950,20990,23.8,60,541,Vehicle,Rejected,0,0,Not Due,Bad Loan,,,,,
L100268,2025-06-13 00:00:00,C200268,55,Central,Employed,70142,40870,18.54,24,534,Education,Approved,37910.64,28625.85,Partially Repaid,Bad Loan,,,,,
L100526,2025-06-13 00:00:00,C200526,46,North,Self-Employed,122946,13254,21.23,24,625,Vehicle,Rejected,0,0,Not Due,Bad Loan,,,,,
L100528,2025-06-13 00:00:00,C200528,43,South,Self-Employed,54304,48289,12.72,24,714,Medical,Approved,44753.8,31681.16,Partially Repaid,Good Loan,,,,,
L100173,2025-06-14 00:00:00,C200173,54,North,Self-Employed,143576,48607,22.96,12,609,Business,Approved,44937.73,33841.23,Partially Repaid,Good Loan,,,,,
L100269,2025-06-15 00:00:00,C200269,35,Central,Employed,74307,32873,12.34,24,846,Education,Approved,28357.3,16723.47,Defaulted,Bad Loan,,,,,
L100043,2025-06-16 00:00:00,C200043,26,East,Self-Employed,61619,33897,6.47,12,634,Vehicle,Approved,32096.7,23152.28,Partially Repaid,Good Loan,,,,,
L100581,2025-06-16 00:00:00,C200581,49,Central,Employed,66511,63842,17.73,36,708,Debt Consolidation,Approved,63707.3,36830.62,Defaulted,Bad Loan,,,,,
L100230,2025-06-17 00:00:00,C200230,61,East,Employed,81278,29045,18.43,24,663,Education,Approved,28465.6,21641.8,Partially Repaid,Good Loan,,,,,
L100413,2025-06-17 00:00:00,C200413,45,North,Employed,25461,47475,22.4,12,594,Medical,Pending,0,0,Not Due,Bad Loan,,,,,
L100500,2025-06-17 00:00:00,C200500,38,North,Employed,19708,47814,13.95,12,718,Vehicle,Approved,44315.88,38001,Partially Repaid,Good Loan,,,,,
L100595,2025-06-17 00:00:00,C200595,24,East,Employed,129041,31084,19.69,12,733,Medical,Rejected,0,0,Not Due,Bad Loan,,,,,
L100282,2025-06-18 00:00:00,C200282,33,East,Employed,26259,10711,23.21,48,673,Vehicle,Approved,10091.64,6753.53,Partially Repaid,Good Loan,,,,,
L100031,2025-06-19 00:00:00,C200031,40,Central,Employed,112788,76763,9.35,60,692,Business,Approved,67165.75,44916.41,Partially Repaid,Good Loan,,,,,
L100150,2025-06-19 00:00:00,C200150,28,Central,Employed,75828,45791,17.06,48,665,Vehicle,Rejected,0,0,Not Due,Bad Loan,,,,,
L100361,2025-06-19 00:00:00,C200361,23,East,Employed,148576,63844,12.2,36,565,Medical,Approved,54965.52,42439.73,Partially Repaid,Bad Loan,,,,,
L100395,2025-06-19 00:00:00,C200395,21,South,Employed,132889,39726,8.26,24,815,Debt Consolidation,Approved,34524.54,31986.32,Partially Repaid,Good Loan,,,,,
L100596,2025-06-19 00:00:00,C200596,21,East,Employed,134185,42387,22.38,12,578,Medical,Approved,39488.53,20640.39,Defaulted,Bad Loan,,,,,
L100141,2025-06-20 00:00:00,C200141,65,North,Employed,36658,56131,15.11,12,810,Business,Approved,54612.74,48910.16,Partially Repaid,Good Loan,,,,,
L100494,2025-06-20 00:00:00,C200494,46,West,Employed,98388,20919,7.4,12,660,Business,Approved,19244.56,10635.54,Defaulted,Bad Loan,,,,,
L100056,2025-06-21 00:00:00,C200056,40,West,Employed,25896,43627,19.95,12,561,Debt Consolidation,Approved,40777.68,30222.79,Partially Repaid,Bad Loan,,,,,
L100117,2025-06-21 00:00:00,C200117,54,South,Employed,118158,56336,12.1,48,839,Vehicle,Approved,49362.57,36127.61,Partially Repaid,Good Loan,,,,,
L100175,2025-06-21 00:00:00,C200175,50,East,Self-Employed,98685,57668,14.42,60,774,Home Improvement,Approved,52874.81,38554.54,Partially Repaid,Good Loan,,,,,
L100203,2025-06-21 00:00:00,C200203,43,East,Unemployed,30763,51429,14.7,24,636,Vehicle,Approved,47618.46,37190.63,Partially Repaid,Good Loan,,,,,
L100319,2025-06-21 00:00:00,C200319,23,East,Unemployed,145795,69712,6.79,12,838,Home Improvement,Pending,0,0,Not Due,Bad Loan,,,,,
L100372,2025-06-22 00:00:00,C200372,22,West,Employed,70781,15869,23.03,48,634,Home Improvement,Approved,14788.91,11106.76,Partially Repaid,Good Loan,,,,,
L100344,2025-06-23 00:00:00,C200344,26,Central,Employed,91869,45361,18.42,24,699,Vehicle,Approved,38647.22,27917.8,Partially Repaid,Good Loan,,,,,
L100593,2025-06-23 00:00:00,C200593,50,West,Employed,77766,53707,11.38,48,631,Vehicle,Approved,52852.84,52852.84,Fully Repaid,Good Loan,,,,,
L100033,2025-06-24 00:00:00,C200033,28,Central,Employed,25999,17649,17.74,48,660,Debt Consolidation,Approved,15467.29,8769.42,Defaulted,Bad Loan,,,,,
L100058,2025-06-24 00:00:00,C200058,61,West,Unemployed,59800,73274,14.76,24,813,Education,Approved,72342.94,49151.1,Partially Repaid,Good Loan,,,,,
L100121,2025-06-24 00:00:00,C200121,41,East,Employed,36708,75016,22.17,60,797,Vehicle,Approved,64520.71,35393.63,Defaulted,Bad Loan,,,,,
L100348,2025-06-24 00:00:00,C200348,40,Central,Self-Employed,104716,65043,5.1,24,556,Education,Rejected,0,0,Not Due,Bad Loan,,,,,
L100296,2025-06-25 00:00:00,C200296,64,North,Unemployed,115136,24601,19.76,48,698,Medical,Approved,20983.37,20983.37,Fully Repaid,Good Loan,,,,,
L100359,2025-06-25 00:00:00,C200359,33,West,Self-Employed,88448,47607,15.82,48,547,Home Improvement,Rejected,0,0,Not Due,Bad Loan,,,,,
L100461,2025-06-25 00:00:00,C200461,30,West,Employed,38538,21456,10.75,48,656,Vehicle,Approved,18501.31,14376.44,Partially Repaid,Good Loan,,,,,
L100532,2025-06-26 00:00:00,C200532,41,North,Employed,24142,74827,15.62,48,594,Medical,Pending,0,0,Not Due,Bad Loan,,,,,
L100554,2025-06-26 00:00:00,C200554,27,North,Self-Employed,18276,53913,10.04,60,591,Vehicle,Approved,51513.44,24945.87,Defaulted,Bad Loan,,,,,
L100237,2025-06-27 00:00:00,C200237,47,Central,Employed,116696,41121,20.8,24,669,Debt Consolidation,Rejected,0,0,Not Due,Bad Loan,,,,,
L100488,2025-06-27 00:00:00,C200488,30,Central,Employed,103090,75155,11.59,48,528,Vehicle,Approved,64085,35028.26,Defaulted,Bad Loan,,,,,
L100598,2025-06-27 00:00:00,C200598,49,Central,Employed,118859,4642,22.52,48,628,Business,Approved,4472.75,4453.37,Partially Repaid,Good Loan,,,,,
L100133,2025-06-28 00:00:00,C200133,30,East,Self-Employed,36489,38609,13.72,24,523,Medical,Pending,0,0,Not Due,Bad Loan,,,,,
L100454,2025-06-28 00:00:00,C200454,47,North,Employed,138956,4610,8.94,48,848,Vehicle,Approved,4162.27,3299.55,Partially Repaid,Good Loan,,,,,
L100493,2025-06-28 00:00:00,C200493,43,East,Employed,95988,36675,5.85,24,683,Business,Approved,35584.79,35584.79,Fully Repaid,Good Loan,,,,,
L100002,2025-06-29 00:00:00,C200002,25,South,Unemployed,31428,55117,9.05,36,737,Business,Approved,52022.04,45886.91,Partially Repaid,Good Loan,,,,,
L100181,2025-06-29 00:00:00,C200181,44,North,Employed,133357,55554,19.53,12,589,Education,Rejected,0,0,Not Due,Bad Loan,,,,,
L100394,2025-06-29 00:00:00,C200394,55,North,Self-Employed,104120,18964,5.47,48,609,Debt Consolidation,Approved,17807.88,16095,Partially Repaid,Good Loan,,,,,
L100472,2025-06-29 00:00:00,C200472,25,East,Employed,130169,68899,16.73,36,598,Business,Approved,61303.37,36073.4,Defaulted,Bad Loan,,,,,
L100571,2025-06-29 00:00:00,C200571,60,South,Employed,96471,73291,18.38,60,804,Medical,Approved,66327.09,66327.09,Fully Repaid,Good Loan,,,,,
L100330,2025-06-30 00:00:00,C200330,31,North,Self-Employed,35569,77731,13.85,12,533,Vehicle,Approved,66652.7,66652.7,Fully Repaid,Bad Loan,,,,,
L100579,2025-06-30 00:00:00,C200579,52,East,Employed,39281,70136,17.29,12,594,Education,Rejected,0,0,Not Due,Bad Loan,,,,,
